blocks_world/1/4o/kb/kb_ll.pl,0.06006264686584473,0.4071497917175293
blocks_world/1/4o/kb/kb_ll.pl,0.06404590606689453,0.4333186149597168
blocks_world/1/4o/kb/kb_ll.pl,0.07136154174804688,0.43815183639526367
blocks_world/1/4o/kb/kb_ll.pl,0.08822941780090332,0.57468581199646
blocks_world/1/4o/kb/kb_ll.pl,0.06780219078063965,0.46112823486328125
blocks_world/1/4o/kb/kb_ll.pl,0.05663561820983887,0.3593869209289551
blocks_world/1/4o/kb/kb_ll.pl,0.07667279243469238,0.4185037612915039
blocks_world/1/4o/kb/kb_ll.pl,0.08055973052978516,0.44918036460876465
blocks_world/1/4o/kb/kb_ll.pl,0.06489443778991699,0.4331483840942383
blocks_world/1/4o/kb/kb_ll.pl,0.05658411979675293,0.3626525402069092
blocks_world/1/4o/kb/kb_ll.pl,0.06193709373474121,0.3738517761230469
blocks_world/1/4o/kb/kb_ll.pl,0.06345582008361816,0.3869452476501465
blocks_world/1/4o/kb/kb_ll.pl,0.05464887619018555,0.3346424102783203
blocks_world/1/4o/kb/kb_ll.pl,0.06081652641296387,0.37181520462036133
blocks_world/1/4o/kb/kb_ll.pl,0.06202864646911621,0.3810300827026367
blocks_world/1/4o/kb/kb_ll.pl,0.06744813919067383,0.4113454818725586
blocks_world/1/4o/kb/kb_ll.pl,0.06983518600463867,0.45752716064453125
blocks_world/1/4o/kb/kb_ll.pl,0.06689596176147461,0.4695615768432617
blocks_world/1/4o/kb/kb_ll.pl,0.06347799301147461,0.3951911926269531
blocks_world/1/4o/kb/kb_ll.pl,0.05512404441833496,0.3405117988586426
blocks_world/1/4o/kb/kb_ll.pl,0.0610806941986084,0.37691688537597656
blocks_world/1/4o/kb/kb_ll.pl,0.06356549263000488,0.37921619415283203
blocks_world/1/4o/kb/kb_ll.pl,0.056034088134765625,0.3361692428588867
blocks_world/1/4o/kb/kb_ll.pl,0.06995344161987305,0.3985161781311035
blocks_world/1/4o/kb/kb_ll.pl,0.06888055801391602,0.44435644149780273
blocks_world/1/4o/kb/kb_ll.pl,0.06098341941833496,0.39177775382995605
blocks_world/1/4o/kb/kb_ll.pl,0.05275774002075195,0.3526167869567871
blocks_world/1/4o/kb/kb_ll.pl,0.061627864837646484,0.373948335647583
blocks_world/1/4o/kb/kb_ll.pl,0.06125354766845703,0.3751072883605957
blocks_world/1/4o/kb/kb_ll.pl,0.05373525619506836,0.33234357833862305
blocks_world/1/4o/kb/kb_ll.pl,0.06437087059020996,0.3907332420349121
blocks_world/1/4o/kb/kb_ll.pl,0.07260322570800781,0.4287247657775879
blocks_world/1/4o/kb/kb_ll.pl,0.06081748008728027,0.4238426685333252
blocks_world/1/4o/kb/kb_ll.pl,0.05711698532104492,0.37450408935546875
blocks_world/1/4o/kb/kb_ll.pl,0.06121015548706055,0.4012439250946045
blocks_world/1/4o/kb/kb_ll.pl,0.06128883361816406,0.40062594413757324
blocks_world/1/4o/kb/kb_ll.pl,0.05382394790649414,0.3509509563446045
blocks_world/1/4o/kb/kb_ll.pl,0.06641674041748047,0.39896702766418457
blocks_world/1/4o/kb/kb_ll.pl,0.07182979583740234,0.405684232711792
blocks_world/1/4o/kb/kb_ll.pl,0.07017302513122559,0.37765049934387207
blocks_world/1/4o/kb/kb_ll.pl,0.06337571144104004,0.4253726005554199
blocks_world/1/4o/kb/kb_ll.pl,0.06442666053771973,0.3910794258117676
blocks_world/1/4o/kb/kb_ll.pl,0.06196141242980957,0.37720751762390137
blocks_world/1/4o/kb/kb_ll.pl,0.06150507926940918,0.38603997230529785
blocks_world/1/4o/kb/kb_ll.pl,0.061002492904663086,0.3754141330718994
blocks_world/1/4o/kb/kb_ll.pl,0.059478759765625,0.37201356887817383
blocks_world/1/4o/kb/kb_ll.pl,0.0636911392211914,0.39478206634521484
blocks_world/1/4o/kb/kb_ll.pl,0.06658124923706055,0.43883514404296875
blocks_world/1/4o/kb/kb_ll.pl,0.0596466064453125,0.4510672092437744
blocks_world/1/4o/kb/kb_ll.pl,0.06679725646972656,0.39641666412353516
blocks_world/2/4o/kb/kb_ll_correct.pl,1.7682092189788818,0.2509467601776123
blocks_world/2/4o/kb/kb_ll_correct.pl,1.6830008029937744,0.2542910575866699
blocks_world/2/4o/kb/kb_ll_correct.pl,1.7159934043884277,0.2814784049987793
blocks_world/2/4o/kb/kb_ll_correct.pl,1.7436885833740234,0.2435300350189209
blocks_world/2/4o/kb/kb_ll_correct.pl,1.6240215301513672,0.3209395408630371
blocks_world/2/4o/kb/kb_ll_correct.pl,1.802454948425293,0.24578857421875
blocks_world/2/4o/kb/kb_ll_correct.pl,1.6795995235443115,0.24325919151306152
blocks_world/2/4o/kb/kb_ll_correct.pl,1.7660150527954102,0.2619452476501465
blocks_world/2/4o/kb/kb_ll_correct.pl,1.7250168323516846,0.24513459205627441
blocks_world/2/4o/kb/kb_ll_correct.pl,1.7326154708862305,0.2819380760192871
blocks_world/2/4o/kb/kb_ll_correct.pl,1.7607786655426025,0.24844789505004883
blocks_world/2/4o/kb/kb_ll_correct.pl,1.6686291694641113,0.2943611145019531
blocks_world/2/4o/kb/kb_ll_correct.pl,1.7565059661865234,0.25296711921691895
blocks_world/2/4o/kb/kb_ll_correct.pl,1.694406270980835,0.2547450065612793
blocks_world/2/4o/kb/kb_ll_correct.pl,1.7368133068084717,0.26621556282043457
blocks_world/2/4o/kb/kb_ll_correct.pl,1.6947689056396484,0.24947786331176758
blocks_world/2/4o/kb/kb_ll_correct.pl,1.7398507595062256,0.2649972438812256
blocks_world/2/4o/kb/kb_ll_correct.pl,1.7355327606201172,0.2588660717010498
blocks_world/2/4o/kb/kb_ll_correct.pl,1.6884398460388184,0.29017090797424316
blocks_world/2/4o/kb/kb_ll_correct.pl,1.7345962524414062,0.2517082691192627
blocks_world/2/4o/kb/kb_ll_correct.pl,1.6495652198791504,0.26484107971191406
blocks_world/2/4o/kb/kb_ll_correct.pl,1.7546663284301758,0.24058079719543457
blocks_world/2/4o/kb/kb_ll_correct.pl,1.671116828918457,0.2768368721008301
blocks_world/2/4o/kb/kb_ll_correct.pl,1.7390556335449219,0.2578866481781006
blocks_world/2/4o/kb/kb_ll_correct.pl,1.727745532989502,0.2415452003479004
blocks_world/2/4o/kb/kb_ll_correct.pl,1.652491569519043,0.30657052993774414
blocks_world/2/4o/kb/kb_ll_correct.pl,1.7729098796844482,0.24326539039611816
blocks_world/2/4o/kb/kb_ll_correct.pl,1.632023572921753,0.24808287620544434
blocks_world/2/4o/kb/kb_ll_correct.pl,1.7737281322479248,0.2568631172180176
blocks_world/2/4o/kb/kb_ll_correct.pl,1.728097915649414,0.24892878532409668
blocks_world/2/4o/kb/kb_ll_correct.pl,1.7367422580718994,0.2860233783721924
blocks_world/2/4o/kb/kb_ll_correct.pl,1.7359414100646973,0.24096441268920898
blocks_world/2/4o/kb/kb_ll_correct.pl,1.683882236480713,0.2895479202270508
blocks_world/2/4o/kb/kb_ll_correct.pl,1.7535479068756104,0.25885677337646484
blocks_world/2/4o/kb/kb_ll_correct.pl,1.6422505378723145,0.24830126762390137
blocks_world/2/4o/kb/kb_ll_correct.pl,1.6720333099365234,0.2491743564605713
blocks_world/2/4o/kb/kb_ll_correct.pl,1.730675458908081,0.2533543109893799
blocks_world/2/4o/kb/kb_ll_correct.pl,1.530893087387085,0.29770660400390625
blocks_world/2/4o/kb/kb_ll_correct.pl,1.735619068145752,0.23914670944213867
blocks_world/2/4o/kb/kb_ll_correct.pl,1.6665539741516113,0.2605166435241699
blocks_world/2/4o/kb/kb_ll_correct.pl,1.7555561065673828,0.26921939849853516
blocks_world/2/4o/kb/kb_ll_correct.pl,1.7527515888214111,0.25118517875671387
blocks_world/2/4o/kb/kb_ll_correct.pl,1.679405689239502,0.29978203773498535
blocks_world/2/4o/kb/kb_ll_correct.pl,1.87788987159729,0.2408597469329834
blocks_world/2/4o/kb/kb_ll_correct.pl,1.6123461723327637,0.2711632251739502
blocks_world/2/4o/kb/kb_ll_correct.pl,1.772148847579956,0.25006103515625
blocks_world/2/4o/kb/kb_ll_correct.pl,1.655405044555664,0.24576735496520996
blocks_world/2/4o/kb/kb_ll_correct.pl,1.714637279510498,0.28107500076293945
blocks_world/2/4o/kb/kb_ll_correct.pl,2.2324070930480957,0.32384586334228516
blocks_world/2/4o/kb/kb_ll_correct.pl,2.101496696472168,0.32082104682922363
blocks_world/3/4o/kb/kb_ll_correct_v1.pl,27.44765067100525,0.3115050792694092
blocks_world/3/4o/kb/kb_ll_correct_v1.pl,27.089303493499756,0.37366366386413574
blocks_world/3/4o/kb/kb_ll_correct_v1.pl,27.314374923706055,0.4178965091705322
blocks_world/3/4o/kb/kb_ll_correct_v1.pl,27.336498022079468,0.3259847164154053
blocks_world/3/4o/kb/kb_ll_correct_v1.pl,25.227560997009277,0.35288190841674805
blocks_world/3/4o/kb/kb_ll_correct_v1.pl,26.553876399993896,0.3337855339050293
blocks_world/3/4o/kb/kb_ll_correct_v1.pl,26.63823652267456,0.30122852325439453
blocks_world/3/4o/kb/kb_ll_correct_v1.pl,27.11271643638611,0.30187368392944336
blocks_world/3/4o/kb/kb_ll_correct_v1.pl,26.71382236480713,0.25855588912963867
blocks_world/3/4o/kb/kb_ll_correct_v1.pl,26.03064227104187,0.2804548740386963
blocks_world/3/4o/kb/kb_ll_correct_v1.pl,26.650059461593628,0.3379819393157959
blocks_world/3/4o/kb/kb_ll_correct_v1.pl,27.8864643573761,0.3476371765136719
blocks_world/3/4o/kb/kb_ll_correct_v1.pl,27.54316234588623,0.3460719585418701
blocks_world/3/4o/kb/kb_ll_correct_v1.pl,26.198230266571045,0.3340151309967041
blocks_world/3/4o/kb/kb_ll_correct_v1.pl,26.15676784515381,0.3287045955657959
blocks_world/3/4o/kb/kb_ll_correct_v1.pl,24.32131052017212,0.2901287078857422
blocks_world/3/4o/kb/kb_ll_correct_v1.pl,21.670371532440186,0.26224732398986816
blocks_world/3/4o/kb/kb_ll_correct_v1.pl,21.7185480594635,0.296222448348999
blocks_world/3/4o/kb/kb_ll_correct_v1.pl,21.992369651794434,0.23391461372375488
blocks_world/3/4o/kb/kb_ll_correct_v1.pl,21.57580852508545,0.27690982818603516
blocks_world/3/4o/kb/kb_ll_correct_v1.pl,22.128830909729004,0.3529167175292969
blocks_world/3/4o/kb/kb_ll_correct_v1.pl,22.716597318649292,0.26494717597961426
blocks_world/3/4o/kb/kb_ll_correct_v1.pl,22.110667943954468,0.27428245544433594
blocks_world/3/4o/kb/kb_ll_correct_v1.pl,21.972506284713745,0.2823214530944824
blocks_world/3/4o/kb/kb_ll_correct_v1.pl,22.210325241088867,0.3280220031738281
blocks_world/3/4o/kb/kb_ll_correct_v1.pl,21.841333389282227,0.23332834243774414
blocks_world/3/4o/kb/kb_ll_correct_v1.pl,21.5997097492218,0.30198168754577637
blocks_world/3/4o/kb/kb_ll_correct_v1.pl,22.013211727142334,0.2341775894165039
blocks_world/3/4o/kb/kb_ll_correct_v1.pl,21.52976369857788,0.3110518455505371
blocks_world/3/4o/kb/kb_ll_correct_v1.pl,22.02025818824768,0.2840003967285156
blocks_world/3/4o/kb/kb_ll_correct_v1.pl,21.58623433113098,0.2916398048400879
blocks_world/3/4o/kb/kb_ll_correct_v1.pl,21.5211501121521,0.2320845127105713
blocks_world/3/4o/kb/kb_ll_correct_v1.pl,21.74448847770691,0.26587533950805664
blocks_world/3/4o/kb/kb_ll_correct_v1.pl,21.91353702545166,0.2689039707183838
blocks_world/3/4o/kb/kb_ll_correct_v1.pl,21.836523294448853,0.26526546478271484
blocks_world/3/4o/kb/kb_ll_correct_v1.pl,21.308289766311646,0.26286768913269043
blocks_world/3/4o/kb/kb_ll_correct_v1.pl,21.918418884277344,0.2817251682281494
blocks_world/3/4o/kb/kb_ll_correct_v1.pl,22.346330404281616,0.31668972969055176
blocks_world/3/4o/kb/kb_ll_correct_v1.pl,21.384108781814575,0.2799255847930908
blocks_world/3/4o/kb/kb_ll_correct_v1.pl,22.433635711669922,0.33525824546813965
blocks_world/3/4o/kb/kb_ll_correct_v1.pl,27.25175952911377,0.2636682987213135
blocks_world/3/4o/kb/kb_ll_correct_v1.pl,21.986899852752686,0.28624844551086426
blocks_world/3/4o/kb/kb_ll_correct_v1.pl,21.557233810424805,0.26505589485168457
blocks_world/3/4o/kb/kb_ll_correct_v1.pl,22.334692001342773,0.2671828269958496
blocks_world/3/4o/kb/kb_ll_correct_v1.pl,21.448037147521973,0.26277589797973633
blocks_world/3/4o/kb/kb_ll_correct_v1.pl,21.904446125030518,0.2588179111480713
blocks_world/3/4o/kb/kb_ll_correct_v1.pl,21.785030603408813,0.2848508358001709
blocks_world/3/4o/kb/kb_ll_correct_v1.pl,22.32507586479187,0.2581496238708496
blocks_world/3/4o/kb/kb_ll_correct_v1.pl,21.740330696105957,0.25485992431640625
blocks_world/3/4o/kb/kb_ll_correct_v1.pl,21.98556661605835,0.26709699630737305
blocks_world/4/4o/kb/kb_ll_correct.pl,0.10230326652526855,0.2656271457672119
blocks_world/4/4o/kb/kb_ll_correct.pl,0.09866809844970703,0.26221513748168945
blocks_world/4/4o/kb/kb_ll_correct.pl,0.10238838195800781,0.26746058464050293
blocks_world/4/4o/kb/kb_ll_correct.pl,0.08953666687011719,0.23574590682983398
blocks_world/4/4o/kb/kb_ll_correct.pl,0.12576746940612793,0.2998642921447754
blocks_world/4/4o/kb/kb_ll_correct.pl,0.10106015205383301,0.2849714756011963
blocks_world/4/4o/kb/kb_ll_correct.pl,0.09787774085998535,0.2608370780944824
blocks_world/4/4o/kb/kb_ll_correct.pl,0.09900355339050293,0.2658348083496094
blocks_world/4/4o/kb/kb_ll_correct.pl,0.09712457656860352,0.26239895820617676
blocks_world/4/4o/kb/kb_ll_correct.pl,0.09885811805725098,0.2585105895996094
blocks_world/4/4o/kb/kb_ll_correct.pl,0.10719966888427734,0.27446985244750977
blocks_world/4/4o/kb/kb_ll_correct.pl,0.11031842231750488,0.30049705505371094
blocks_world/4/4o/kb/kb_ll_correct.pl,0.09838342666625977,0.27864980697631836
blocks_world/4/4o/kb/kb_ll_correct.pl,0.1055762767791748,0.2623448371887207
blocks_world/4/4o/kb/kb_ll_correct.pl,0.09972739219665527,0.26929187774658203
blocks_world/4/4o/kb/kb_ll_correct.pl,0.09947466850280762,0.26206398010253906
blocks_world/4/4o/kb/kb_ll_correct.pl,0.0997169017791748,0.2627871036529541
blocks_world/4/4o/kb/kb_ll_correct.pl,0.11060953140258789,0.27955007553100586
blocks_world/4/4o/kb/kb_ll_correct.pl,0.10912251472473145,0.30880093574523926
blocks_world/4/4o/kb/kb_ll_correct.pl,0.10017108917236328,0.26896142959594727
blocks_world/4/4o/kb/kb_ll_correct.pl,0.09917092323303223,0.261110782623291
blocks_world/4/4o/kb/kb_ll_correct.pl,0.10074210166931152,0.25461816787719727
blocks_world/4/4o/kb/kb_ll_correct.pl,0.09817743301391602,0.26314520835876465
blocks_world/4/4o/kb/kb_ll_correct.pl,0.09881186485290527,0.261303186416626
blocks_world/4/4o/kb/kb_ll_correct.pl,0.11043047904968262,0.27419352531433105
blocks_world/4/4o/kb/kb_ll_correct.pl,0.1093592643737793,0.30297374725341797
blocks_world/4/4o/kb/kb_ll_correct.pl,0.09913325309753418,0.2709171772003174
blocks_world/4/4o/kb/kb_ll_correct.pl,0.09790682792663574,0.2628200054168701
blocks_world/4/4o/kb/kb_ll_correct.pl,0.09574723243713379,0.25668764114379883
blocks_world/4/4o/kb/kb_ll_correct.pl,0.09613704681396484,0.2595951557159424
blocks_world/4/4o/kb/kb_ll_correct.pl,0.09854745864868164,0.25943613052368164
blocks_world/4/4o/kb/kb_ll_correct.pl,0.1085362434387207,0.2744486331939697
blocks_world/4/4o/kb/kb_ll_correct.pl,0.11352014541625977,0.285825252532959
blocks_world/4/4o/kb/kb_ll_correct.pl,0.10389447212219238,0.293210506439209
blocks_world/4/4o/kb/kb_ll_correct.pl,0.09831547737121582,0.2571699619293213
blocks_world/4/4o/kb/kb_ll_correct.pl,0.0861959457397461,0.23380041122436523
blocks_world/4/4o/kb/kb_ll_correct.pl,0.09778380393981934,0.2577192783355713
blocks_world/4/4o/kb/kb_ll_correct.pl,0.09821724891662598,0.2622084617614746
blocks_world/4/4o/kb/kb_ll_correct.pl,0.10451149940490723,0.24814176559448242
blocks_world/4/4o/kb/kb_ll_correct.pl,0.09983634948730469,0.3002302646636963
blocks_world/4/4o/kb/kb_ll_correct.pl,0.10001826286315918,0.26625490188598633
blocks_world/4/4o/kb/kb_ll_correct.pl,0.0982060432434082,0.257648229598999
blocks_world/4/4o/kb/kb_ll_correct.pl,0.09960794448852539,0.26453542709350586
blocks_world/4/4o/kb/kb_ll_correct.pl,0.09771585464477539,0.2603037357330322
blocks_world/4/4o/kb/kb_ll_correct.pl,0.10373926162719727,0.2760310173034668
blocks_world/4/4o/kb/kb_ll_correct.pl,0.17071962356567383,0.2790038585662842
blocks_world/4/4o/kb/kb_ll_correct.pl,0.09791874885559082,0.2698523998260498
blocks_world/4/4o/kb/kb_ll_correct.pl,0.09990835189819336,0.25803089141845703
blocks_world/4/4o/kb/kb_ll_correct.pl,0.09855389595031738,0.2604489326477051
blocks_world/4/4o/kb/kb_ll_correct.pl,0.09816980361938477,0.26236462593078613
blocks_world/5/4o/kb/kb_ll_correct_5_6.pl,0.053853750228881836,0.2745993137359619
blocks_world/5/4o/kb/kb_ll_correct_5_6.pl,0.06052255630493164,0.28537631034851074
blocks_world/5/4o/kb/kb_ll_correct_5_6.pl,0.05722355842590332,0.31258726119995117
blocks_world/5/4o/kb/kb_ll_correct_5_6.pl,0.05359196662902832,0.2692728042602539
blocks_world/5/4o/kb/kb_ll_correct_5_6.pl,0.05160045623779297,0.26337528228759766
blocks_world/5/4o/kb/kb_ll_correct_5_6.pl,0.05388355255126953,0.2679164409637451
blocks_world/5/4o/kb/kb_ll_correct_5_6.pl,0.05478644371032715,0.26311802864074707
blocks_world/5/4o/kb/kb_ll_correct_5_6.pl,0.05809378623962402,0.28023672103881836
blocks_world/5/4o/kb/kb_ll_correct_5_6.pl,0.09434866905212402,0.3229484558105469
blocks_world/5/4o/kb/kb_ll_correct_5_6.pl,0.05869293212890625,0.27991819381713867
blocks_world/5/4o/kb/kb_ll_correct_5_6.pl,0.05199289321899414,0.26348376274108887
blocks_world/5/4o/kb/kb_ll_correct_5_6.pl,0.053394317626953125,0.27254223823547363
blocks_world/5/4o/kb/kb_ll_correct_5_6.pl,0.05371260643005371,0.2692570686340332
blocks_world/5/4o/kb/kb_ll_correct_5_6.pl,0.051764726638793945,0.26245808601379395
blocks_world/5/4o/kb/kb_ll_correct_5_6.pl,0.06314611434936523,0.3112514019012451
blocks_world/5/4o/kb/kb_ll_correct_5_6.pl,0.05356478691101074,0.29076385498046875
blocks_world/5/4o/kb/kb_ll_correct_5_6.pl,0.046830177307128906,0.2343442440032959
blocks_world/5/4o/kb/kb_ll_correct_5_6.pl,0.05378913879394531,0.2720146179199219
blocks_world/5/4o/kb/kb_ll_correct_5_6.pl,0.053946495056152344,0.26955199241638184
blocks_world/5/4o/kb/kb_ll_correct_5_6.pl,0.05037689208984375,0.24312591552734375
blocks_world/5/4o/kb/kb_ll_correct_5_6.pl,0.05770707130432129,0.3111398220062256
blocks_world/5/4o/kb/kb_ll_correct_5_6.pl,0.05603289604187012,0.27884674072265625
blocks_world/5/4o/kb/kb_ll_correct_5_6.pl,0.05635428428649902,0.2816178798675537
blocks_world/5/4o/kb/kb_ll_correct_5_6.pl,0.05644488334655762,0.27502918243408203
blocks_world/5/4o/kb/kb_ll_correct_5_6.pl,0.05572009086608887,0.27085041999816895
blocks_world/5/4o/kb/kb_ll_correct_5_6.pl,0.060567378997802734,0.2903404235839844
blocks_world/5/4o/kb/kb_ll_correct_5_6.pl,0.060913801193237305,0.3254668712615967
blocks_world/5/4o/kb/kb_ll_correct_5_6.pl,0.051204681396484375,0.2660689353942871
blocks_world/5/4o/kb/kb_ll_correct_5_6.pl,0.05396628379821777,0.2825660705566406
blocks_world/5/4o/kb/kb_ll_correct_5_6.pl,0.052411794662475586,0.28832507133483887
blocks_world/5/4o/kb/kb_ll_correct_5_6.pl,0.05475950241088867,0.2801783084869385
blocks_world/5/4o/kb/kb_ll_correct_5_6.pl,0.06149649620056152,0.29230785369873047
blocks_world/5/4o/kb/kb_ll_correct_5_6.pl,0.06716322898864746,0.31008124351501465
blocks_world/5/4o/kb/kb_ll_correct_5_6.pl,0.059484004974365234,0.305433988571167
blocks_world/5/4o/kb/kb_ll_correct_5_6.pl,0.04892992973327637,0.25486207008361816
blocks_world/5/4o/kb/kb_ll_correct_5_6.pl,0.05532646179199219,0.2782018184661865
blocks_world/5/4o/kb/kb_ll_correct_5_6.pl,0.05632638931274414,0.277864933013916
blocks_world/5/4o/kb/kb_ll_correct_5_6.pl,0.05293560028076172,0.2537376880645752
blocks_world/5/4o/kb/kb_ll_correct_5_6.pl,0.06007194519042969,0.3279299736022949
blocks_world/5/4o/kb/kb_ll_correct_5_6.pl,0.05621767044067383,0.2953653335571289
blocks_world/5/4o/kb/kb_ll_correct_5_6.pl,0.05585741996765137,0.28385066986083984
blocks_world/5/4o/kb/kb_ll_correct_5_6.pl,0.05303192138671875,0.27488207817077637
blocks_world/5/4o/kb/kb_ll_correct_5_6.pl,0.054444074630737305,0.28135013580322266
blocks_world/5/4o/kb/kb_ll_correct_5_6.pl,0.06004905700683594,0.29033374786376953
blocks_world/5/4o/kb/kb_ll_correct_5_6.pl,0.08506369590759277,0.30959391593933105
blocks_world/5/4o/kb/kb_ll_correct_5_6.pl,0.05373668670654297,0.2832918167114258
blocks_world/5/4o/kb/kb_ll_correct_5_6.pl,0.05192708969116211,0.28243517875671387
blocks_world/5/4o/kb/kb_ll_correct_5_6.pl,0.050873517990112305,0.2815377712249756
blocks_world/5/4o/kb/kb_ll_correct_5_6.pl,0.05415177345275879,0.2760131359100342
blocks_world/5/4o/kb/kb_ll_correct_5_6.pl,0.0639500617980957,0.3080422878265381
blocks_world/5/4o/kb/kb_ll_correct_5_11.pl,0.09806942939758301,0.30866575241088867
blocks_world/5/4o/kb/kb_ll_correct_5_11.pl,0.09420323371887207,0.2720458507537842
blocks_world/5/4o/kb/kb_ll_correct_5_11.pl,0.0940861701965332,0.27440834045410156
blocks_world/5/4o/kb/kb_ll_correct_5_11.pl,0.09411001205444336,0.2729151248931885
blocks_world/5/4o/kb/kb_ll_correct_5_11.pl,0.09351253509521484,0.2691833972930908
blocks_world/5/4o/kb/kb_ll_correct_5_11.pl,0.09801673889160156,0.284282922744751
blocks_world/5/4o/kb/kb_ll_correct_5_11.pl,0.10553240776062012,0.3156101703643799
blocks_world/5/4o/kb/kb_ll_correct_5_11.pl,0.0888206958770752,0.27482175827026367
blocks_world/5/4o/kb/kb_ll_correct_5_11.pl,0.08925104141235352,0.26358866691589355
blocks_world/5/4o/kb/kb_ll_correct_5_11.pl,0.08825945854187012,0.26377391815185547
blocks_world/5/4o/kb/kb_ll_correct_5_11.pl,0.09019994735717773,0.2687041759490967
blocks_world/5/4o/kb/kb_ll_correct_5_11.pl,0.09043145179748535,0.2639775276184082
blocks_world/5/4o/kb/kb_ll_correct_5_11.pl,0.10602402687072754,0.285412073135376
blocks_world/5/4o/kb/kb_ll_correct_5_11.pl,0.10321187973022461,0.32046079635620117
blocks_world/5/4o/kb/kb_ll_correct_5_11.pl,0.08471250534057617,0.2652323246002197
blocks_world/5/4o/kb/kb_ll_correct_5_11.pl,0.08823060989379883,0.2648801803588867
blocks_world/5/4o/kb/kb_ll_correct_5_11.pl,0.08871006965637207,0.2641940116882324
blocks_world/5/4o/kb/kb_ll_correct_5_11.pl,0.09039115905761719,0.27023768424987793
blocks_world/5/4o/kb/kb_ll_correct_5_11.pl,0.0899808406829834,0.2677159309387207
blocks_world/5/4o/kb/kb_ll_correct_5_11.pl,0.09685492515563965,0.28269052505493164
blocks_world/5/4o/kb/kb_ll_correct_5_11.pl,0.09426450729370117,0.3020594120025635
blocks_world/5/4o/kb/kb_ll_correct_5_11.pl,0.08622193336486816,0.262315034866333
blocks_world/5/4o/kb/kb_ll_correct_5_11.pl,0.0866239070892334,0.2647535800933838
blocks_world/5/4o/kb/kb_ll_correct_5_11.pl,0.0897669792175293,0.26708221435546875
blocks_world/5/4o/kb/kb_ll_correct_5_11.pl,0.08811497688293457,0.2648499011993408
blocks_world/5/4o/kb/kb_ll_correct_5_11.pl,0.09276390075683594,0.28090596199035645
blocks_world/5/4o/kb/kb_ll_correct_5_11.pl,0.10217881202697754,0.2989017963409424
blocks_world/5/4o/kb/kb_ll_correct_5_11.pl,0.08686709403991699,0.2944190502166748
blocks_world/5/4o/kb/kb_ll_correct_5_11.pl,0.0862421989440918,0.2634892463684082
blocks_world/5/4o/kb/kb_ll_correct_5_11.pl,0.07579374313354492,0.2298295497894287
blocks_world/5/4o/kb/kb_ll_correct_5_11.pl,0.08708786964416504,0.26030921936035156
blocks_world/5/4o/kb/kb_ll_correct_5_11.pl,0.0904245376586914,0.26624464988708496
blocks_world/5/4o/kb/kb_ll_correct_5_11.pl,0.09640860557556152,0.2690925598144531
blocks_world/5/4o/kb/kb_ll_correct_5_11.pl,0.08376884460449219,0.27760863304138184
blocks_world/5/4o/kb/kb_ll_correct_5_11.pl,0.08739972114562988,0.2630174160003662
blocks_world/5/4o/kb/kb_ll_correct_5_11.pl,0.08655643463134766,0.26220154762268066
blocks_world/5/4o/kb/kb_ll_correct_5_11.pl,0.079010009765625,0.23675060272216797
blocks_world/5/4o/kb/kb_ll_correct_5_11.pl,0.0900733470916748,0.27390241622924805
blocks_world/5/4o/kb/kb_ll_correct_5_11.pl,0.10927772521972656,0.29990553855895996
blocks_world/5/4o/kb/kb_ll_correct_5_11.pl,0.09151554107666016,0.28853940963745117
blocks_world/5/4o/kb/kb_ll_correct_5_11.pl,0.08722138404846191,0.2531754970550537
blocks_world/5/4o/kb/kb_ll_correct_5_11.pl,0.0898892879486084,0.2668721675872803
blocks_world/5/4o/kb/kb_ll_correct_5_11.pl,0.08672499656677246,0.26729536056518555
blocks_world/5/4o/kb/kb_ll_correct_5_11.pl,0.08983206748962402,0.2634289264678955
blocks_world/5/4o/kb/kb_ll_correct_5_11.pl,0.09799456596374512,0.27516603469848633
blocks_world/5/4o/kb/kb_ll_correct_5_11.pl,0.10079407691955566,0.3242161273956299
blocks_world/5/4o/kb/kb_ll_correct_5_11.pl,0.0894017219543457,0.2661149501800537
blocks_world/5/4o/kb/kb_ll_correct_5_11.pl,0.0878591537475586,0.2649986743927002
blocks_world/5/4o/kb/kb_ll_correct_5_11.pl,0.08768463134765625,0.2635488510131836
blocks_world/5/4o/kb/kb_ll_correct_5_11.pl,0.0890812873840332,0.2647571563720703
blocks_world/5/4o/kb/kb_ll_correct_5_16.pl,0.1469428539276123,0.2615814208984375
blocks_world/5/4o/kb/kb_ll_correct_5_16.pl,0.15602993965148926,0.27361536026000977
blocks_world/5/4o/kb/kb_ll_correct_5_16.pl,0.16278839111328125,0.3026847839355469
blocks_world/5/4o/kb/kb_ll_correct_5_16.pl,0.138441801071167,0.2836191654205322
blocks_world/5/4o/kb/kb_ll_correct_5_16.pl,0.14169883728027344,0.2611701488494873
blocks_world/5/4o/kb/kb_ll_correct_5_16.pl,0.14219927787780762,0.26126670837402344
blocks_world/5/4o/kb/kb_ll_correct_5_16.pl,0.14087843894958496,0.2563052177429199
blocks_world/5/4o/kb/kb_ll_correct_5_16.pl,0.12486624717712402,0.23402976989746094
blocks_world/5/4o/kb/kb_ll_correct_5_16.pl,0.14379072189331055,0.26117372512817383
blocks_world/5/4o/kb/kb_ll_correct_5_16.pl,0.1756277084350586,0.2957777976989746
blocks_world/5/4o/kb/kb_ll_correct_5_16.pl,0.1442258358001709,0.28488922119140625
blocks_world/5/4o/kb/kb_ll_correct_5_16.pl,0.13869595527648926,0.25937509536743164
blocks_world/5/4o/kb/kb_ll_correct_5_16.pl,0.14431428909301758,0.2582828998565674
blocks_world/5/4o/kb/kb_ll_correct_5_16.pl,0.1362316608428955,0.260998010635376
blocks_world/5/4o/kb/kb_ll_correct_5_16.pl,0.13673901557922363,0.2542431354522705
blocks_world/5/4o/kb/kb_ll_correct_5_16.pl,0.14090752601623535,0.2568824291229248
blocks_world/5/4o/kb/kb_ll_correct_5_16.pl,0.15587949752807617,0.2738072872161865
blocks_world/5/4o/kb/kb_ll_correct_5_16.pl,0.15480899810791016,0.29973673820495605
blocks_world/5/4o/kb/kb_ll_correct_5_16.pl,0.14023184776306152,0.2763175964355469
blocks_world/5/4o/kb/kb_ll_correct_5_16.pl,0.13555908203125,0.25784730911254883
blocks_world/5/4o/kb/kb_ll_correct_5_16.pl,0.14644908905029297,0.26734471321105957
blocks_world/5/4o/kb/kb_ll_correct_5_16.pl,0.1366407871246338,0.27224278450012207
blocks_world/5/4o/kb/kb_ll_correct_5_16.pl,0.13896512985229492,0.2776017189025879
blocks_world/5/4o/kb/kb_ll_correct_5_16.pl,0.1540069580078125,0.2780156135559082
blocks_world/5/4o/kb/kb_ll_correct_5_16.pl,0.1739039421081543,0.2855980396270752
blocks_world/5/4o/kb/kb_ll_correct_5_16.pl,0.1600658893585205,0.30911827087402344
blocks_world/5/4o/kb/kb_ll_correct_5_16.pl,0.14193463325500488,0.28665685653686523
blocks_world/5/4o/kb/kb_ll_correct_5_16.pl,0.14261174201965332,0.26068615913391113
blocks_world/5/4o/kb/kb_ll_correct_5_16.pl,0.14337968826293945,0.25851893424987793
blocks_world/5/4o/kb/kb_ll_correct_5_16.pl,0.15759587287902832,0.25792884826660156
blocks_world/5/4o/kb/kb_ll_correct_5_16.pl,0.14158344268798828,0.2582104206085205
blocks_world/5/4o/kb/kb_ll_correct_5_16.pl,0.14268803596496582,0.26852965354919434
blocks_world/5/4o/kb/kb_ll_correct_5_16.pl,0.15960288047790527,0.2762176990509033
blocks_world/5/4o/kb/kb_ll_correct_5_16.pl,0.1570432186126709,0.30694031715393066
blocks_world/5/4o/kb/kb_ll_correct_5_16.pl,0.13815093040466309,0.2788264751434326
blocks_world/5/4o/kb/kb_ll_correct_5_16.pl,0.13712859153747559,0.256589412689209
blocks_world/5/4o/kb/kb_ll_correct_5_16.pl,0.13711309432983398,0.25730109214782715
blocks_world/5/4o/kb/kb_ll_correct_5_16.pl,0.13930439949035645,0.25545215606689453
blocks_world/5/4o/kb/kb_ll_correct_5_16.pl,0.13699889183044434,0.26009345054626465
blocks_world/5/4o/kb/kb_ll_correct_5_16.pl,0.1505272388458252,0.26767492294311523
blocks_world/5/4o/kb/kb_ll_correct_5_16.pl,0.15184831619262695,0.287367582321167
blocks_world/5/4o/kb/kb_ll_correct_5_16.pl,0.15259099006652832,0.26856279373168945
blocks_world/5/4o/kb/kb_ll_correct_5_16.pl,0.13896679878234863,0.25563788414001465
blocks_world/5/4o/kb/kb_ll_correct_5_16.pl,0.13728570938110352,0.2663571834564209
blocks_world/5/4o/kb/kb_ll_correct_5_16.pl,0.1367487907409668,0.27924346923828125
blocks_world/5/4o/kb/kb_ll_correct_5_16.pl,0.1379528045654297,0.281923770904541
blocks_world/5/4o/kb/kb_ll_correct_5_16.pl,0.15497660636901855,0.27958059310913086
blocks_world/5/4o/kb/kb_ll_correct_5_16.pl,0.16939115524291992,0.28548192977905273
blocks_world/5/4o/kb/kb_ll_correct_5_16.pl,0.1676654815673828,0.3079569339752197
blocks_world/5/4o/kb/kb_ll_correct_5_16.pl,0.14197683334350586,0.28635454177856445
blocks_world/5/4o/kb/kb_ll_correct_5_21.pl,0.2138195037841797,0.25769853591918945
blocks_world/5/4o/kb/kb_ll_correct_5_21.pl,0.21620559692382812,0.2636735439300537
blocks_world/5/4o/kb/kb_ll_correct_5_21.pl,0.2117757797241211,0.257183313369751
blocks_world/5/4o/kb/kb_ll_correct_5_21.pl,0.21171808242797852,0.25664591789245605
blocks_world/5/4o/kb/kb_ll_correct_5_21.pl,0.2086315155029297,0.27111268043518066
blocks_world/5/4o/kb/kb_ll_correct_5_21.pl,0.20647406578063965,0.27629756927490234
blocks_world/5/4o/kb/kb_ll_correct_5_21.pl,0.2497706413269043,0.2696964740753174
blocks_world/5/4o/kb/kb_ll_correct_5_21.pl,0.2655043601989746,0.2818307876586914
blocks_world/5/4o/kb/kb_ll_correct_5_21.pl,0.24135255813598633,0.31838178634643555
blocks_world/5/4o/kb/kb_ll_correct_5_21.pl,0.21513915061950684,0.2890493869781494
blocks_world/5/4o/kb/kb_ll_correct_5_21.pl,0.21177220344543457,0.2594313621520996
blocks_world/5/4o/kb/kb_ll_correct_5_21.pl,0.20991754531860352,0.25719118118286133
blocks_world/5/4o/kb/kb_ll_correct_5_21.pl,0.20927858352661133,0.2737877368927002
blocks_world/5/4o/kb/kb_ll_correct_5_21.pl,0.22270870208740234,0.2819502353668213
blocks_world/5/4o/kb/kb_ll_correct_5_21.pl,0.2285749912261963,0.2624013423919678
blocks_world/5/4o/kb/kb_ll_correct_5_21.pl,0.22573423385620117,0.263019323348999
blocks_world/5/4o/kb/kb_ll_correct_5_21.pl,0.22901511192321777,0.26943111419677734
blocks_world/5/4o/kb/kb_ll_correct_5_21.pl,0.2542436122894287,0.2785196304321289
blocks_world/5/4o/kb/kb_ll_correct_5_21.pl,0.2303926944732666,0.2914102077484131
blocks_world/5/4o/kb/kb_ll_correct_5_21.pl,0.2081918716430664,0.26758646965026855
blocks_world/5/4o/kb/kb_ll_correct_5_21.pl,0.20885133743286133,0.27135324478149414
blocks_world/5/4o/kb/kb_ll_correct_5_21.pl,0.21130752563476562,0.2848472595214844
blocks_world/5/4o/kb/kb_ll_correct_5_21.pl,0.2186291217803955,0.26972150802612305
blocks_world/5/4o/kb/kb_ll_correct_5_21.pl,0.22758221626281738,0.26882481575012207
blocks_world/5/4o/kb/kb_ll_correct_5_21.pl,0.22495579719543457,0.2655029296875
blocks_world/5/4o/kb/kb_ll_correct_5_21.pl,0.21641230583190918,0.2592747211456299
blocks_world/5/4o/kb/kb_ll_correct_5_21.pl,0.23417258262634277,0.27678894996643066
blocks_world/5/4o/kb/kb_ll_correct_5_21.pl,0.24426507949829102,0.28995728492736816
blocks_world/5/4o/kb/kb_ll_correct_5_21.pl,0.23634934425354004,0.3441314697265625
blocks_world/5/4o/kb/kb_ll_correct_5_21.pl,0.22800993919372559,0.290142297744751
blocks_world/5/4o/kb/kb_ll_correct_5_21.pl,0.22408342361450195,0.263171911239624
blocks_world/5/4o/kb/kb_ll_correct_5_21.pl,0.21964573860168457,0.2613649368286133
blocks_world/5/4o/kb/kb_ll_correct_5_21.pl,0.21529817581176758,0.26219630241394043
blocks_world/5/4o/kb/kb_ll_correct_5_21.pl,0.21304583549499512,0.25384950637817383
blocks_world/5/4o/kb/kb_ll_correct_5_21.pl,0.21207523345947266,0.2572355270385742
blocks_world/5/4o/kb/kb_ll_correct_5_21.pl,0.2125091552734375,0.2582266330718994
blocks_world/5/4o/kb/kb_ll_correct_5_21.pl,0.22755813598632812,0.2938063144683838
blocks_world/5/4o/kb/kb_ll_correct_5_21.pl,0.27379393577575684,0.29592108726501465
blocks_world/5/4o/kb/kb_ll_correct_5_21.pl,0.24462532997131348,0.33808064460754395
blocks_world/5/4o/kb/kb_ll_correct_5_21.pl,0.21339631080627441,0.28231143951416016
blocks_world/5/4o/kb/kb_ll_correct_5_21.pl,0.21381759643554688,0.25330567359924316
blocks_world/5/4o/kb/kb_ll_correct_5_21.pl,0.18901562690734863,0.2260141372680664
blocks_world/5/4o/kb/kb_ll_correct_5_21.pl,0.21094107627868652,0.2572357654571533
blocks_world/5/4o/kb/kb_ll_correct_5_21.pl,0.2150561809539795,0.2551753520965576
blocks_world/5/4o/kb/kb_ll_correct_5_21.pl,0.21536993980407715,0.25897955894470215
blocks_world/5/4o/kb/kb_ll_correct_5_21.pl,0.2228078842163086,0.2684340476989746
blocks_world/5/4o/kb/kb_ll_correct_5_21.pl,0.2487187385559082,0.30675268173217773
blocks_world/5/4o/kb/kb_ll_correct_5_21.pl,0.2416362762451172,0.3274850845336914
blocks_world/5/4o/kb/kb_ll_correct_5_21.pl,0.22986650466918945,0.29948973655700684
blocks_world/5/4o/kb/kb_ll_correct_5_21.pl,0.21743392944335938,0.25681424140930176
blocks_world/5/4o/kb/kb_ll_correct_10_11.pl,0.6944262981414795,0.27304959297180176
blocks_world/5/4o/kb/kb_ll_correct_10_11.pl,0.6506693363189697,0.2602529525756836
blocks_world/5/4o/kb/kb_ll_correct_10_11.pl,0.6955680847167969,0.2860910892486572
blocks_world/5/4o/kb/kb_ll_correct_10_11.pl,0.7107148170471191,0.29226040840148926
blocks_world/5/4o/kb/kb_ll_correct_10_11.pl,0.685476541519165,0.28209829330444336
blocks_world/5/4o/kb/kb_ll_correct_10_11.pl,0.7152523994445801,0.32720947265625
blocks_world/5/4o/kb/kb_ll_correct_10_11.pl,0.7581095695495605,0.3304479122161865
blocks_world/5/4o/kb/kb_ll_correct_10_11.pl,0.793389081954956,0.2803647518157959
blocks_world/5/4o/kb/kb_ll_correct_10_11.pl,0.7838690280914307,0.2723829746246338
blocks_world/5/4o/kb/kb_ll_correct_10_11.pl,0.7866771221160889,0.2550950050354004
blocks_world/5/4o/kb/kb_ll_correct_10_11.pl,0.752690315246582,0.25962328910827637
blocks_world/5/4o/kb/kb_ll_correct_10_11.pl,0.6395416259765625,0.23452186584472656
blocks_world/5/4o/kb/kb_ll_correct_10_11.pl,0.7374663352966309,0.2561988830566406
blocks_world/5/4o/kb/kb_ll_correct_10_11.pl,0.6883523464202881,0.2703993320465088
blocks_world/5/4o/kb/kb_ll_correct_10_11.pl,0.7107641696929932,0.25594568252563477
blocks_world/5/4o/kb/kb_ll_correct_10_11.pl,0.7053279876708984,0.2748579978942871
blocks_world/5/4o/kb/kb_ll_correct_10_11.pl,0.7123134136199951,0.2535083293914795
blocks_world/5/4o/kb/kb_ll_correct_10_11.pl,0.717827320098877,0.3035147190093994
blocks_world/5/4o/kb/kb_ll_correct_10_11.pl,0.7177231311798096,0.2927112579345703
blocks_world/5/4o/kb/kb_ll_correct_10_11.pl,0.7029392719268799,0.30968236923217773
blocks_world/5/4o/kb/kb_ll_correct_10_11.pl,0.6924233436584473,0.3047175407409668
blocks_world/5/4o/kb/kb_ll_correct_10_11.pl,0.7207984924316406,0.31860876083374023
blocks_world/5/4o/kb/kb_ll_correct_10_11.pl,0.7838864326477051,0.2875351905822754
blocks_world/5/4o/kb/kb_ll_correct_10_11.pl,0.7885737419128418,0.280853271484375
blocks_world/5/4o/kb/kb_ll_correct_10_11.pl,0.7836875915527344,0.268172025680542
blocks_world/5/4o/kb/kb_ll_correct_10_11.pl,0.7538747787475586,0.25430798530578613
blocks_world/5/4o/kb/kb_ll_correct_10_11.pl,0.7321810722351074,0.27773094177246094
blocks_world/5/4o/kb/kb_ll_correct_10_11.pl,0.7050154209136963,0.254150390625
blocks_world/5/4o/kb/kb_ll_correct_10_11.pl,0.6074001789093018,0.2413959503173828
blocks_world/5/4o/kb/kb_ll_correct_10_11.pl,0.718604564666748,0.2561147212982178
blocks_world/5/4o/kb/kb_ll_correct_10_11.pl,0.6808891296386719,0.272777795791626
blocks_world/5/4o/kb/kb_ll_correct_10_11.pl,0.636929988861084,0.24569964408874512
blocks_world/5/4o/kb/kb_ll_correct_10_11.pl,0.6865642070770264,0.26770615577697754
blocks_world/5/4o/kb/kb_ll_correct_10_11.pl,0.7134420871734619,0.2684297561645508
blocks_world/5/4o/kb/kb_ll_correct_10_11.pl,0.6482815742492676,0.2606196403503418
blocks_world/5/4o/kb/kb_ll_correct_10_11.pl,0.713503360748291,0.2791121006011963
blocks_world/5/4o/kb/kb_ll_correct_10_11.pl,0.7030031681060791,0.30239033699035645
blocks_world/5/4o/kb/kb_ll_correct_10_11.pl,0.7556567192077637,0.2980523109436035
blocks_world/5/4o/kb/kb_ll_correct_10_11.pl,0.7650599479675293,0.30454397201538086
blocks_world/5/4o/kb/kb_ll_correct_10_11.pl,0.8055148124694824,0.2655527591705322
blocks_world/5/4o/kb/kb_ll_correct_10_11.pl,0.8139152526855469,0.26418209075927734
blocks_world/5/4o/kb/kb_ll_correct_10_11.pl,0.7520303726196289,0.2573261260986328
blocks_world/5/4o/kb/kb_ll_correct_10_11.pl,0.7448976039886475,0.2572481632232666
blocks_world/5/4o/kb/kb_ll_correct_10_11.pl,0.6879568099975586,0.2670772075653076
blocks_world/5/4o/kb/kb_ll_correct_10_11.pl,0.7163124084472656,0.25543737411499023
blocks_world/5/4o/kb/kb_ll_correct_10_11.pl,0.6834468841552734,0.27140212059020996
blocks_world/5/4o/kb/kb_ll_correct_10_11.pl,0.7379662990570068,0.25678133964538574
blocks_world/5/4o/kb/kb_ll_correct_10_11.pl,0.6897101402282715,0.27326369285583496
blocks_world/5/4o/kb/kb_ll_correct_10_11.pl,0.7244009971618652,0.2656707763671875
blocks_world/5/4o/kb/kb_ll_correct_10_11.pl,0.6972463130950928,0.28818488121032715
blocks_world/5/4o/kb/kb_ll_correct_10_16.pl,1.5472867488861084,0.26634860038757324
blocks_world/5/4o/kb/kb_ll_correct_10_16.pl,1.528923511505127,0.2559835910797119
blocks_world/5/4o/kb/kb_ll_correct_10_16.pl,1.295365333557129,0.24743866920471191
blocks_world/5/4o/kb/kb_ll_correct_10_16.pl,1.5127711296081543,0.26558375358581543
blocks_world/5/4o/kb/kb_ll_correct_10_16.pl,1.4245216846466064,0.22351455688476562
blocks_world/5/4o/kb/kb_ll_correct_10_16.pl,1.4142236709594727,0.2557559013366699
blocks_world/5/4o/kb/kb_ll_correct_10_16.pl,1.4696552753448486,0.274688720703125
blocks_world/5/4o/kb/kb_ll_correct_10_16.pl,1.5600082874298096,0.27501678466796875
blocks_world/5/4o/kb/kb_ll_correct_10_16.pl,1.4572322368621826,0.26071810722351074
blocks_world/5/4o/kb/kb_ll_correct_10_16.pl,1.4716641902923584,0.2887258529663086
blocks_world/5/4o/kb/kb_ll_correct_10_16.pl,1.5357012748718262,0.2538187503814697
blocks_world/5/4o/kb/kb_ll_correct_10_16.pl,1.427851676940918,0.2582218647003174
blocks_world/5/4o/kb/kb_ll_correct_10_16.pl,1.5381863117218018,0.29106974601745605
blocks_world/5/4o/kb/kb_ll_correct_10_16.pl,1.5312821865081787,0.25646257400512695
blocks_world/5/4o/kb/kb_ll_correct_10_16.pl,1.4365575313568115,0.2590348720550537
blocks_world/5/4o/kb/kb_ll_correct_10_16.pl,1.4968667030334473,0.2701599597930908
blocks_world/5/4o/kb/kb_ll_correct_10_16.pl,1.5273919105529785,0.25061511993408203
blocks_world/5/4o/kb/kb_ll_correct_10_16.pl,1.4202580451965332,0.27489757537841797
blocks_world/5/4o/kb/kb_ll_correct_10_16.pl,1.541271686553955,0.2832527160644531
blocks_world/5/4o/kb/kb_ll_correct_10_16.pl,1.5814557075500488,0.25884318351745605
blocks_world/5/4o/kb/kb_ll_correct_10_16.pl,1.4628963470458984,0.2673492431640625
blocks_world/5/4o/kb/kb_ll_correct_10_16.pl,1.5308592319488525,0.2644500732421875
blocks_world/5/4o/kb/kb_ll_correct_10_16.pl,1.4809765815734863,0.2750699520111084
blocks_world/5/4o/kb/kb_ll_correct_10_16.pl,1.4560415744781494,0.3090972900390625
blocks_world/5/4o/kb/kb_ll_correct_10_16.pl,1.5730323791503906,0.25856637954711914
blocks_world/5/4o/kb/kb_ll_correct_10_16.pl,1.4516592025756836,0.25728940963745117
blocks_world/5/4o/kb/kb_ll_correct_10_16.pl,1.5117816925048828,0.2951488494873047
blocks_world/5/4o/kb/kb_ll_correct_10_16.pl,1.5317692756652832,0.2707831859588623
blocks_world/5/4o/kb/kb_ll_correct_10_16.pl,1.4632773399353027,0.26557040214538574
blocks_world/5/4o/kb/kb_ll_correct_10_16.pl,1.5225183963775635,0.27685999870300293
blocks_world/5/4o/kb/kb_ll_correct_10_16.pl,1.5798568725585938,0.2583920955657959
blocks_world/5/4o/kb/kb_ll_correct_10_16.pl,1.407210350036621,0.26146507263183594
blocks_world/5/4o/kb/kb_ll_correct_10_16.pl,1.5367181301116943,0.2823159694671631
blocks_world/5/4o/kb/kb_ll_correct_10_16.pl,1.539656400680542,0.263028621673584
blocks_world/5/4o/kb/kb_ll_correct_10_16.pl,1.4397079944610596,0.28201961517333984
blocks_world/5/4o/kb/kb_ll_correct_10_16.pl,1.5410740375518799,0.25762152671813965
blocks_world/5/4o/kb/kb_ll_correct_10_16.pl,1.5044949054718018,0.2575516700744629
blocks_world/5/4o/kb/kb_ll_correct_10_16.pl,1.4596929550170898,0.3378632068634033
blocks_world/5/4o/kb/kb_ll_correct_10_16.pl,1.5551629066467285,0.27480292320251465
blocks_world/5/4o/kb/kb_ll_correct_10_16.pl,1.3292067050933838,0.23019790649414062
blocks_world/5/4o/kb/kb_ll_correct_10_16.pl,1.464493989944458,0.27683472633361816
blocks_world/5/4o/kb/kb_ll_correct_10_16.pl,1.4945192337036133,0.23122143745422363
blocks_world/5/4o/kb/kb_ll_correct_10_16.pl,1.5045671463012695,0.25693678855895996
blocks_world/5/4o/kb/kb_ll_correct_10_16.pl,1.4514787197113037,0.28393983840942383
blocks_world/5/4o/kb/kb_ll_correct_10_16.pl,1.4953820705413818,0.2836036682128906
blocks_world/5/4o/kb/kb_ll_correct_10_16.pl,1.5719568729400635,0.26445484161376953
blocks_world/5/4o/kb/kb_ll_correct_10_16.pl,1.4770965576171875,0.2905852794647217
blocks_world/5/4o/kb/kb_ll_correct_10_16.pl,1.5210914611816406,0.25304412841796875
blocks_world/5/4o/kb/kb_ll_correct_10_16.pl,1.4915015697479248,0.2584803104400635
blocks_world/5/4o/kb/kb_ll_correct_10_16.pl,1.4558260440826416,0.31113719940185547
blocks_world/5/4o/kb/kb_ll_correct_10_21.pl,2.5385382175445557,0.275299072265625
blocks_world/5/4o/kb/kb_ll_correct_10_21.pl,2.5570366382598877,0.25958991050720215
blocks_world/5/4o/kb/kb_ll_correct_10_21.pl,2.50274395942688,0.28185105323791504
blocks_world/5/4o/kb/kb_ll_correct_10_21.pl,2.519361734390259,0.2556278705596924
blocks_world/5/4o/kb/kb_ll_correct_10_21.pl,2.5198545455932617,0.2554900646209717
blocks_world/5/4o/kb/kb_ll_correct_10_21.pl,2.5366287231445312,0.2583329677581787
blocks_world/5/4o/kb/kb_ll_correct_10_21.pl,2.4820473194122314,0.27675628662109375
blocks_world/5/4o/kb/kb_ll_correct_10_21.pl,2.568150281906128,0.25197315216064453
blocks_world/5/4o/kb/kb_ll_correct_10_21.pl,2.578465223312378,0.25629568099975586
blocks_world/5/4o/kb/kb_ll_correct_10_21.pl,2.5590310096740723,0.2728006839752197
blocks_world/5/4o/kb/kb_ll_correct_10_21.pl,2.5599329471588135,0.27803468704223633
blocks_world/5/4o/kb/kb_ll_correct_10_21.pl,2.5336050987243652,0.2746732234954834
blocks_world/5/4o/kb/kb_ll_correct_10_21.pl,2.4056081771850586,0.27652406692504883
blocks_world/5/4o/kb/kb_ll_correct_10_21.pl,2.540271759033203,0.3418004512786865
blocks_world/5/4o/kb/kb_ll_correct_10_21.pl,2.590670108795166,0.272723913192749
blocks_world/5/4o/kb/kb_ll_correct_10_21.pl,2.485877752304077,0.23878145217895508
blocks_world/5/4o/kb/kb_ll_correct_10_21.pl,2.559843063354492,0.2819678783416748
blocks_world/5/4o/kb/kb_ll_correct_10_21.pl,2.372429847717285,0.2574901580810547
blocks_world/5/4o/kb/kb_ll_correct_10_21.pl,2.5118463039398193,0.2644798755645752
blocks_world/5/4o/kb/kb_ll_correct_10_21.pl,2.3619577884674072,0.2755608558654785
blocks_world/5/4o/kb/kb_ll_correct_10_21.pl,2.6007587909698486,0.2805037498474121
blocks_world/5/4o/kb/kb_ll_correct_10_21.pl,2.5299320220947266,0.26134204864501953
blocks_world/5/4o/kb/kb_ll_correct_10_21.pl,2.521197557449341,0.23162364959716797
blocks_world/5/4o/kb/kb_ll_correct_10_21.pl,2.500072956085205,0.29737019538879395
blocks_world/5/4o/kb/kb_ll_correct_10_21.pl,2.360468626022339,0.24081206321716309
blocks_world/5/4o/kb/kb_ll_correct_10_21.pl,2.565387010574341,0.253704309463501
blocks_world/5/4o/kb/kb_ll_correct_10_21.pl,2.3238534927368164,0.2896311283111572
blocks_world/5/4o/kb/kb_ll_correct_10_21.pl,2.5470473766326904,0.256854772567749
blocks_world/5/4o/kb/kb_ll_correct_10_21.pl,2.4911904335021973,0.25479960441589355
blocks_world/5/4o/kb/kb_ll_correct_10_21.pl,2.5056378841400146,0.2372140884399414
blocks_world/5/4o/kb/kb_ll_correct_10_21.pl,2.5393471717834473,0.265728235244751
blocks_world/5/4o/kb/kb_ll_correct_10_21.pl,2.4281187057495117,0.22670722007751465
blocks_world/5/4o/kb/kb_ll_correct_10_21.pl,2.5248069763183594,0.2559940814971924
blocks_world/5/4o/kb/kb_ll_correct_10_21.pl,2.2611119747161865,0.29091620445251465
blocks_world/5/4o/kb/kb_ll_correct_10_21.pl,2.573190927505493,0.2586798667907715
blocks_world/5/4o/kb/kb_ll_correct_10_21.pl,2.44856595993042,0.260573148727417
blocks_world/5/4o/kb/kb_ll_correct_10_21.pl,2.4948816299438477,0.27295875549316406
blocks_world/5/4o/kb/kb_ll_correct_10_21.pl,2.5516366958618164,0.2558863162994385
blocks_world/5/4o/kb/kb_ll_correct_10_21.pl,2.5390677452087402,0.2549173831939697
blocks_world/5/4o/kb/kb_ll_correct_10_21.pl,2.5129635334014893,0.26369786262512207
blocks_world/5/4o/kb/kb_ll_correct_10_21.pl,2.534569501876831,0.26886606216430664
blocks_world/5/4o/kb/kb_ll_correct_10_21.pl,2.55413556098938,0.25756216049194336
blocks_world/5/4o/kb/kb_ll_correct_10_21.pl,2.5503153800964355,0.2523937225341797
blocks_world/5/4o/kb/kb_ll_correct_10_21.pl,2.5726399421691895,0.2872190475463867
blocks_world/5/4o/kb/kb_ll_correct_10_21.pl,2.5916764736175537,0.2637476921081543
blocks_world/5/4o/kb/kb_ll_correct_10_21.pl,2.536990165710449,0.2767364978790283
blocks_world/5/4o/kb/kb_ll_correct_10_21.pl,2.5263659954071045,0.27304863929748535
blocks_world/5/4o/kb/kb_ll_correct_10_21.pl,2.54180645942688,0.3258202075958252
blocks_world/5/4o/kb/kb_ll_correct_10_21.pl,2.520256757736206,0.2626461982727051
blocks_world/5/4o/kb/kb_ll_correct_10_21.pl,2.575756311416626,0.2583024501800537
blocks_world/5/4o/kb/kb_ll_correct_15_16.pl,7.142553329467773,0.2696518898010254
blocks_world/5/4o/kb/kb_ll_correct_15_16.pl,7.16547703742981,0.2690610885620117
blocks_world/5/4o/kb/kb_ll_correct_15_16.pl,7.121789455413818,0.2645547389984131
blocks_world/5/4o/kb/kb_ll_correct_15_16.pl,7.11832857131958,0.29244017601013184
blocks_world/5/4o/kb/kb_ll_correct_15_16.pl,6.900806427001953,0.28042149543762207
blocks_world/5/4o/kb/kb_ll_correct_15_16.pl,6.947516679763794,0.2735292911529541
blocks_world/5/4o/kb/kb_ll_correct_15_16.pl,6.870704412460327,0.25374388694763184
blocks_world/5/4o/kb/kb_ll_correct_15_16.pl,7.0123443603515625,0.2944345474243164
blocks_world/5/4o/kb/kb_ll_correct_15_16.pl,6.931288003921509,0.2633936405181885
blocks_world/5/4o/kb/kb_ll_correct_15_16.pl,6.916998624801636,0.2701263427734375
blocks_world/5/4o/kb/kb_ll_correct_15_16.pl,6.98345685005188,0.36696934700012207
blocks_world/5/4o/kb/kb_ll_correct_15_16.pl,7.171269655227661,0.25986552238464355
blocks_world/5/4o/kb/kb_ll_correct_15_16.pl,7.097383499145508,0.24698829650878906
blocks_world/5/4o/kb/kb_ll_correct_15_16.pl,7.154274225234985,0.29520511627197266
blocks_world/5/4o/kb/kb_ll_correct_15_16.pl,7.113273859024048,0.2501506805419922
blocks_world/5/4o/kb/kb_ll_correct_15_16.pl,7.088102579116821,0.25360655784606934
blocks_world/5/4o/kb/kb_ll_correct_15_16.pl,7.116083145141602,0.27785778045654297
blocks_world/5/4o/kb/kb_ll_correct_15_16.pl,7.181329011917114,0.26072263717651367
blocks_world/5/4o/kb/kb_ll_correct_15_16.pl,7.144265413284302,0.3033485412597656
blocks_world/5/4o/kb/kb_ll_correct_15_16.pl,7.3366379737854,0.2588694095611572
blocks_world/5/4o/kb/kb_ll_correct_15_16.pl,7.090988636016846,0.2589082717895508
blocks_world/5/4o/kb/kb_ll_correct_15_16.pl,7.217456340789795,0.28576135635375977
blocks_world/5/4o/kb/kb_ll_correct_15_16.pl,7.15074348449707,0.2594146728515625
blocks_world/5/4o/kb/kb_ll_correct_15_16.pl,6.990598440170288,0.25985050201416016
blocks_world/5/4o/kb/kb_ll_correct_15_16.pl,6.9617815017700195,0.3213787078857422
blocks_world/5/4o/kb/kb_ll_correct_15_16.pl,7.300451040267944,0.26233482360839844
blocks_world/5/4o/kb/kb_ll_correct_15_16.pl,7.064908504486084,0.27397799491882324
blocks_world/5/4o/kb/kb_ll_correct_15_16.pl,7.257684946060181,0.28140950202941895
blocks_world/5/4o/kb/kb_ll_correct_15_16.pl,7.463582754135132,0.25702786445617676
blocks_world/5/4o/kb/kb_ll_correct_15_16.pl,7.196298837661743,0.32489776611328125
blocks_world/5/4o/kb/kb_ll_correct_15_16.pl,7.219884395599365,0.2532355785369873
blocks_world/5/4o/kb/kb_ll_correct_15_16.pl,7.074670076370239,0.2614312171936035
blocks_world/5/4o/kb/kb_ll_correct_15_16.pl,7.174117565155029,0.2765967845916748
blocks_world/5/4o/kb/kb_ll_correct_15_16.pl,7.178807020187378,0.2575531005859375
blocks_world/5/4o/kb/kb_ll_correct_15_16.pl,7.114813804626465,0.26526618003845215
blocks_world/5/4o/kb/kb_ll_correct_15_16.pl,6.909219980239868,0.30512475967407227
blocks_world/5/4o/kb/kb_ll_correct_15_16.pl,7.213815450668335,0.27191615104675293
blocks_world/5/4o/kb/kb_ll_correct_15_16.pl,7.091271162033081,0.27133703231811523
blocks_world/5/4o/kb/kb_ll_correct_15_16.pl,7.144112586975098,0.2819662094116211
blocks_world/5/4o/kb/kb_ll_correct_15_16.pl,7.137237787246704,0.2771890163421631
blocks_world/5/4o/kb/kb_ll_correct_15_16.pl,6.866084337234497,0.24981117248535156
blocks_world/5/4o/kb/kb_ll_correct_15_16.pl,6.839052438735962,0.30985546112060547
blocks_world/5/4o/kb/kb_ll_correct_15_16.pl,7.093243598937988,0.26793646812438965
blocks_world/5/4o/kb/kb_ll_correct_15_16.pl,7.176089286804199,0.26695775985717773
blocks_world/5/4o/kb/kb_ll_correct_15_16.pl,7.111621141433716,0.30638694763183594
blocks_world/5/4o/kb/kb_ll_correct_15_16.pl,7.142479419708252,0.26575636863708496
blocks_world/5/4o/kb/kb_ll_correct_15_16.pl,7.086641550064087,0.2680962085723877
blocks_world/5/4o/kb/kb_ll_correct_15_16.pl,7.160672426223755,0.3146481513977051
blocks_world/5/4o/kb/kb_ll_correct_15_16.pl,6.958323240280151,0.26015615463256836
blocks_world/5/4o/kb/kb_ll_correct_15_16.pl,7.210834741592407,0.273728609085083
blocks_world/5/4o/kb/kb_ll_correct_15_21.pl,11.929387331008911,0.27011704444885254
blocks_world/5/4o/kb/kb_ll_correct_15_21.pl,11.940871715545654,0.274033784866333
blocks_world/5/4o/kb/kb_ll_correct_15_21.pl,12.210882425308228,0.3385891914367676
blocks_world/5/4o/kb/kb_ll_correct_15_21.pl,12.30487608909607,0.2650747299194336
blocks_world/5/4o/kb/kb_ll_correct_15_21.pl,12.366149425506592,0.24759316444396973
blocks_world/5/4o/kb/kb_ll_correct_15_21.pl,12.011471271514893,0.27405571937561035
blocks_world/5/4o/kb/kb_ll_correct_15_21.pl,12.176416635513306,0.26361703872680664
blocks_world/5/4o/kb/kb_ll_correct_15_21.pl,12.232700109481812,0.2640690803527832
blocks_world/5/4o/kb/kb_ll_correct_15_21.pl,12.376056909561157,0.3071908950805664
blocks_world/5/4o/kb/kb_ll_correct_15_21.pl,12.435858488082886,0.26609134674072266
blocks_world/5/4o/kb/kb_ll_correct_15_21.pl,11.938389778137207,0.26067447662353516
blocks_world/5/4o/kb/kb_ll_correct_15_21.pl,11.79557728767395,0.22846579551696777
blocks_world/5/4o/kb/kb_ll_correct_15_21.pl,12.259397506713867,0.25440216064453125
blocks_world/5/4o/kb/kb_ll_correct_15_21.pl,14.354583263397217,0.25461888313293457
blocks_world/5/4o/kb/kb_ll_correct_15_21.pl,11.882590055465698,0.2549862861633301
blocks_world/5/4o/kb/kb_ll_correct_15_21.pl,12.013157606124878,0.25089263916015625
blocks_world/5/4o/kb/kb_ll_correct_15_21.pl,12.108107566833496,0.2694127559661865
blocks_world/5/4o/kb/kb_ll_correct_15_21.pl,12.264833688735962,0.3202965259552002
blocks_world/5/4o/kb/kb_ll_correct_15_21.pl,12.155858755111694,0.2850637435913086
blocks_world/5/4o/kb/kb_ll_correct_15_21.pl,11.838099718093872,0.2820096015930176
blocks_world/5/4o/kb/kb_ll_correct_15_21.pl,12.185287237167358,0.2668476104736328
blocks_world/5/4o/kb/kb_ll_correct_15_21.pl,12.343614101409912,0.2551438808441162
blocks_world/5/4o/kb/kb_ll_correct_15_21.pl,12.180694341659546,0.2612917423248291
blocks_world/5/4o/kb/kb_ll_correct_15_21.pl,12.499167919158936,0.2925374507904053
blocks_world/5/4o/kb/kb_ll_correct_15_21.pl,11.798834562301636,0.2944505214691162
blocks_world/5/4o/kb/kb_ll_correct_15_21.pl,12.322901248931885,0.28026652336120605
blocks_world/5/4o/kb/kb_ll_correct_15_21.pl,12.30683445930481,0.25306129455566406
blocks_world/5/4o/kb/kb_ll_correct_15_21.pl,12.296565055847168,0.2702043056488037
blocks_world/5/4o/kb/kb_ll_correct_15_21.pl,11.818026781082153,0.2735443115234375
blocks_world/5/4o/kb/kb_ll_correct_15_21.pl,11.922598123550415,0.24844717979431152
blocks_world/5/4o/kb/kb_ll_correct_15_21.pl,12.04413914680481,0.27144718170166016
blocks_world/5/4o/kb/kb_ll_correct_15_21.pl,12.354143142700195,0.28324437141418457
blocks_world/5/4o/kb/kb_ll_correct_15_21.pl,12.29394268989563,0.28618574142456055
blocks_world/5/4o/kb/kb_ll_correct_15_21.pl,12.352496862411499,0.2650187015533447
blocks_world/5/4o/kb/kb_ll_correct_15_21.pl,12.10926365852356,0.24165940284729004
blocks_world/5/4o/kb/kb_ll_correct_15_21.pl,12.20636773109436,0.2583785057067871
blocks_world/5/4o/kb/kb_ll_correct_15_21.pl,12.293549060821533,0.2566661834716797
blocks_world/5/4o/kb/kb_ll_correct_15_21.pl,12.304354190826416,0.2949380874633789
blocks_world/5/4o/kb/kb_ll_correct_15_21.pl,12.083805084228516,0.3119208812713623
blocks_world/5/4o/kb/kb_ll_correct_15_21.pl,12.39379334449768,0.2736642360687256
blocks_world/5/4o/kb/kb_ll_correct_15_21.pl,14.347397327423096,0.2936067581176758
blocks_world/5/4o/kb/kb_ll_correct_15_21.pl,12.219529867172241,0.2740151882171631
blocks_world/5/4o/kb/kb_ll_correct_15_21.pl,12.508720874786377,0.261155366897583
blocks_world/5/4o/kb/kb_ll_correct_15_21.pl,12.178397178649902,0.2591841220855713
blocks_world/5/4o/kb/kb_ll_correct_15_21.pl,12.02130937576294,0.25243687629699707
blocks_world/5/4o/kb/kb_ll_correct_15_21.pl,14.905858278274536,0.3458690643310547
blocks_world/5/4o/kb/kb_ll_correct_15_21.pl,15.505048751831055,0.31392431259155273
blocks_world/5/4o/kb/kb_ll_correct_15_21.pl,15.769325256347656,0.35765504837036133
blocks_world/5/4o/kb/kb_ll_correct_15_21.pl,15.528764486312866,0.32353830337524414
blocks_world/5/4o/kb/kb_ll_correct_15_21.pl,15.332212686538696,0.3315141201019287
blocks_world/5/4o/kb/kb_ll_correct_20_21.pl,47.28020763397217,0.3084275722503662
blocks_world/5/4o/kb/kb_ll_correct_20_21.pl,46.88284134864807,0.33370304107666016
blocks_world/5/4o/kb/kb_ll_correct_20_21.pl,46.801825284957886,0.33297109603881836
blocks_world/5/4o/kb/kb_ll_correct_20_21.pl,47.4541449546814,0.33384275436401367
blocks_world/5/4o/kb/kb_ll_correct_20_21.pl,46.640154123306274,0.3492414951324463
blocks_world/5/4o/kb/kb_ll_correct_20_21.pl,48.40473985671997,0.31971192359924316
blocks_world/5/4o/kb/kb_ll_correct_20_21.pl,47.72423696517944,0.29628419876098633
blocks_world/5/4o/kb/kb_ll_correct_20_21.pl,38.950881242752075,0.2671210765838623
blocks_world/5/4o/kb/kb_ll_correct_20_21.pl,44.88432955741882,0.23824167251586914
blocks_world/5/4o/kb/kb_ll_correct_20_21.pl,38.33261799812317,0.2564272880554199
blocks_world/5/4o/kb/kb_ll_correct_20_21.pl,39.343724489212036,0.26497507095336914
blocks_world/5/4o/kb/kb_ll_correct_20_21.pl,38.05460858345032,0.2541050910949707
blocks_world/5/4o/kb/kb_ll_correct_20_21.pl,38.40147256851196,0.28205180168151855
blocks_world/5/4o/kb/kb_ll_correct_20_21.pl,37.96882176399231,0.2685129642486572
blocks_world/5/4o/kb/kb_ll_correct_20_21.pl,40.19218444824219,0.28951025009155273
blocks_world/5/4o/kb/kb_ll_correct_20_21.pl,38.99005746841431,0.2748429775238037
blocks_world/5/4o/kb/kb_ll_correct_20_21.pl,38.55484580993652,0.2582108974456787
blocks_world/5/4o/kb/kb_ll_correct_20_21.pl,37.906065940856934,0.31125664710998535
blocks_world/5/4o/kb/kb_ll_correct_20_21.pl,37.978435754776,0.2542457580566406
blocks_world/5/4o/kb/kb_ll_correct_20_21.pl,37.700695514678955,0.25301337242126465
blocks_world/5/4o/kb/kb_ll_correct_20_21.pl,38.2784698009491,0.30138516426086426
blocks_world/5/4o/kb/kb_ll_correct_20_21.pl,37.78658699989319,0.2782704830169678
blocks_world/5/4o/kb/kb_ll_correct_20_21.pl,37.96991968154907,0.2581174373626709
blocks_world/5/4o/kb/kb_ll_correct_20_21.pl,38.161571979522705,0.2517068386077881
blocks_world/5/4o/kb/kb_ll_correct_20_21.pl,38.14852523803711,0.2816503047943115
blocks_world/5/4o/kb/kb_ll_correct_20_21.pl,37.81556677818298,0.2536959648132324
blocks_world/5/4o/kb/kb_ll_correct_20_21.pl,38.11902594566345,0.2572190761566162
blocks_world/5/4o/kb/kb_ll_correct_20_21.pl,38.11767649650574,0.28344178199768066
blocks_world/5/4o/kb/kb_ll_correct_20_21.pl,38.61682963371277,0.25475454330444336
blocks_world/5/4o/kb/kb_ll_correct_20_21.pl,37.772369623184204,0.2922656536102295
blocks_world/5/4o/kb/kb_ll_correct_20_21.pl,38.15826225280762,0.2575981616973877
blocks_world/5/4o/kb/kb_ll_correct_20_21.pl,37.55846810340881,0.2651848793029785
blocks_world/5/4o/kb/kb_ll_correct_20_21.pl,37.719308376312256,0.27085423469543457
blocks_world/5/4o/kb/kb_ll_correct_20_21.pl,37.998581409454346,0.2775685787200928
blocks_world/5/4o/kb/kb_ll_correct_20_21.pl,37.88950991630554,0.26075029373168945
blocks_world/5/4o/kb/kb_ll_correct_20_21.pl,37.894001483917236,0.26339054107666016
blocks_world/5/4o/kb/kb_ll_correct_20_21.pl,38.21278238296509,0.2828562259674072
blocks_world/5/4o/kb/kb_ll_correct_20_21.pl,38.031073808670044,0.2679636478424072
blocks_world/5/4o/kb/kb_ll_correct_20_21.pl,37.2690007686615,0.24515700340270996
blocks_world/5/4o/kb/kb_ll_correct_20_21.pl,37.87983584403992,0.3070957660675049
blocks_world/5/4o/kb/kb_ll_correct_20_21.pl,37.81167244911194,0.26254701614379883
blocks_world/5/4o/kb/kb_ll_correct_20_21.pl,38.64905667304993,0.29842162132263184
blocks_world/5/4o/kb/kb_ll_correct_20_21.pl,37.82911396026611,0.25185394287109375
blocks_world/5/4o/kb/kb_ll_correct_20_21.pl,38.155104637145996,0.26317524909973145
blocks_world/5/4o/kb/kb_ll_correct_20_21.pl,37.67751741409302,0.2930488586425781
blocks_world/5/4o/kb/kb_ll_correct_20_21.pl,38.055073738098145,0.29154109954833984
blocks_world/5/4o/kb/kb_ll_correct_20_21.pl,38.304569244384766,0.25806665420532227
blocks_world/5/4o/kb/kb_ll_correct_20_21.pl,38.118098974227905,0.28701019287109375
blocks_world/5/4o/kb/kb_ll_correct_20_21.pl,38.121119022369385,0.2326498031616211
blocks_world/5/4o/kb/kb_ll_correct_20_21.pl,37.406566858291626,0.25292110443115234
arch/1/4o/kb/kb_ll_correct.pl,2.7263271808624268,0.2971675395965576
arch/1/4o/kb/kb_ll_correct.pl,2.7780847549438477,0.2782316207885742
arch/1/4o/kb/kb_ll_correct.pl,2.7850823402404785,0.25842857360839844
arch/1/4o/kb/kb_ll_correct.pl,2.840895175933838,0.25963640213012695
arch/1/4o/kb/kb_ll_correct.pl,2.7268271446228027,0.2572455406188965
arch/1/4o/kb/kb_ll_correct.pl,2.73374342918396,0.26614904403686523
arch/1/4o/kb/kb_ll_correct.pl,2.6962883472442627,0.29584312438964844
arch/1/4o/kb/kb_ll_correct.pl,2.7518534660339355,0.24972772598266602
arch/1/4o/kb/kb_ll_correct.pl,2.714892625808716,0.2640852928161621
arch/1/4o/kb/kb_ll_correct.pl,2.703579902648926,0.2506132125854492
arch/1/4o/kb/kb_ll_correct.pl,2.7072174549102783,0.25612616539001465
arch/1/4o/kb/kb_ll_correct.pl,2.7236762046813965,0.2821838855743408
arch/1/4o/kb/kb_ll_correct.pl,2.726032257080078,0.2551400661468506
arch/1/4o/kb/kb_ll_correct.pl,2.7682745456695557,0.26665377616882324
arch/1/4o/kb/kb_ll_correct.pl,2.7412281036376953,0.25583314895629883
arch/1/4o/kb/kb_ll_correct.pl,2.699411392211914,0.28647637367248535
arch/1/4o/kb/kb_ll_correct.pl,2.7281858921051025,0.26203203201293945
arch/1/4o/kb/kb_ll_correct.pl,2.7348616123199463,0.26531124114990234
arch/1/4o/kb/kb_ll_correct.pl,2.7805144786834717,0.25328874588012695
arch/1/4o/kb/kb_ll_correct.pl,2.6763484477996826,0.23627066612243652
arch/1/4o/kb/kb_ll_correct.pl,2.7686033248901367,0.26882004737854004
arch/1/4o/kb/kb_ll_correct.pl,2.6948344707489014,0.24779319763183594
arch/1/4o/kb/kb_ll_correct.pl,2.781036615371704,0.2580263614654541
arch/1/4o/kb/kb_ll_correct.pl,2.771618604660034,0.2574148178100586
arch/1/4o/kb/kb_ll_correct.pl,2.7363593578338623,0.27220797538757324
arch/1/4o/kb/kb_ll_correct.pl,2.6949634552001953,0.2511632442474365
arch/1/4o/kb/kb_ll_correct.pl,2.7314658164978027,0.27843761444091797
arch/1/4o/kb/kb_ll_correct.pl,2.8100380897521973,0.25402092933654785
arch/1/4o/kb/kb_ll_correct.pl,2.7659194469451904,0.24733948707580566
arch/1/4o/kb/kb_ll_correct.pl,2.7008755207061768,0.2870666980743408
arch/1/4o/kb/kb_ll_correct.pl,2.7520673274993896,0.2698488235473633
arch/1/4o/kb/kb_ll_correct.pl,2.7037909030914307,0.2546851634979248
arch/1/4o/kb/kb_ll_correct.pl,2.728860855102539,0.24355316162109375
arch/1/4o/kb/kb_ll_correct.pl,2.6975433826446533,0.2667257785797119
arch/1/4o/kb/kb_ll_correct.pl,2.675208806991577,0.3108539581298828
arch/1/4o/kb/kb_ll_correct.pl,2.780329942703247,0.2505161762237549
arch/1/4o/kb/kb_ll_correct.pl,2.7182939052581787,0.2482914924621582
arch/1/4o/kb/kb_ll_correct.pl,2.7123937606811523,0.2537374496459961
arch/1/4o/kb/kb_ll_correct.pl,2.7062489986419678,0.3043498992919922
arch/1/4o/kb/kb_ll_correct.pl,2.5720114707946777,0.25977373123168945
arch/1/4o/kb/kb_ll_correct.pl,2.7770473957061768,0.25841379165649414
arch/1/4o/kb/kb_ll_correct.pl,2.714962959289551,0.2476787567138672
arch/1/4o/kb/kb_ll_correct.pl,2.6633708477020264,0.2321467399597168
arch/1/4o/kb/kb_ll_correct.pl,2.6721341609954834,0.30562734603881836
arch/1/4o/kb/kb_ll_correct.pl,2.7610208988189697,0.2543065547943115
arch/1/4o/kb/kb_ll_correct.pl,2.7385146617889404,0.2506389617919922
arch/1/4o/kb/kb_ll_correct.pl,2.7218658924102783,0.24776268005371094
arch/1/4o/kb/kb_ll_correct.pl,2.7151124477386475,0.2464001178741455
arch/1/4o/kb/kb_ll_correct.pl,2.7426984310150146,0.29865550994873047
arch/1/4o/kb/kb_ll_correct.pl,2.568751335144043,0.22433781623840332
arch/2/4o/kb/kb_ll_correct.pl,0.5486857891082764,0.24691510200500488
arch/2/4o/kb/kb_ll_correct.pl,0.5385723114013672,0.26580262184143066
arch/2/4o/kb/kb_ll_correct.pl,0.5009796619415283,0.22345757484436035
arch/2/4o/kb/kb_ll_correct.pl,0.5506267547607422,0.24491548538208008
arch/2/4o/kb/kb_ll_correct.pl,0.5441396236419678,0.27124643325805664
arch/2/4o/kb/kb_ll_correct.pl,0.5645363330841064,0.24900174140930176
arch/2/4o/kb/kb_ll_correct.pl,0.5537643432617188,0.2520911693572998
arch/2/4o/kb/kb_ll_correct.pl,0.5527951717376709,0.2652628421783447
arch/2/4o/kb/kb_ll_correct.pl,0.556725025177002,0.24738669395446777
arch/2/4o/kb/kb_ll_correct.pl,0.5462193489074707,0.2654414176940918
arch/2/4o/kb/kb_ll_correct.pl,0.5664613246917725,0.2537271976470947
arch/2/4o/kb/kb_ll_correct.pl,0.563866376876831,0.2630929946899414
arch/2/4o/kb/kb_ll_correct.pl,0.5478606224060059,0.2649242877960205
arch/2/4o/kb/kb_ll_correct.pl,0.5728757381439209,0.2503676414489746
arch/2/4o/kb/kb_ll_correct.pl,0.5503456592559814,0.255573034286499
arch/2/4o/kb/kb_ll_correct.pl,0.5662765502929688,0.2604334354400635
arch/2/4o/kb/kb_ll_correct.pl,0.5593361854553223,0.2496802806854248
arch/2/4o/kb/kb_ll_correct.pl,0.5506250858306885,0.2861645221710205
arch/2/4o/kb/kb_ll_correct.pl,0.5972292423248291,0.27167534828186035
arch/2/4o/kb/kb_ll_correct.pl,0.5528080463409424,0.2674896717071533
arch/2/4o/kb/kb_ll_correct.pl,0.5701718330383301,0.27048397064208984
arch/2/4o/kb/kb_ll_correct.pl,0.5555980205535889,0.26581716537475586
arch/2/4o/kb/kb_ll_correct.pl,0.537635326385498,0.2774176597595215
arch/2/4o/kb/kb_ll_correct.pl,0.5854067802429199,0.27274394035339355
arch/2/4o/kb/kb_ll_correct.pl,0.5475280284881592,0.2673830986022949
arch/2/4o/kb/kb_ll_correct.pl,0.5471193790435791,0.2791626453399658
arch/2/4o/kb/kb_ll_correct.pl,0.5262858867645264,0.24879217147827148
arch/2/4o/kb/kb_ll_correct.pl,0.5480129718780518,0.2630884647369385
arch/2/4o/kb/kb_ll_correct.pl,0.572547197341919,0.2654993534088135
arch/2/4o/kb/kb_ll_correct.pl,0.5073080062866211,0.243696928024292
arch/2/4o/kb/kb_ll_correct.pl,0.5403242111206055,0.2641172409057617
arch/2/4o/kb/kb_ll_correct.pl,0.5842928886413574,0.262066125869751
arch/2/4o/kb/kb_ll_correct.pl,0.5551509857177734,0.2531287670135498
arch/2/4o/kb/kb_ll_correct.pl,0.5411629676818848,0.267852783203125
arch/2/4o/kb/kb_ll_correct.pl,0.5608906745910645,0.24775290489196777
arch/2/4o/kb/kb_ll_correct.pl,0.5444357395172119,0.2516133785247803
arch/2/4o/kb/kb_ll_correct.pl,0.5597312450408936,0.25519394874572754
arch/2/4o/kb/kb_ll_correct.pl,0.5591955184936523,0.2467644214630127
arch/2/4o/kb/kb_ll_correct.pl,0.49327921867370605,0.23624134063720703
arch/2/4o/kb/kb_ll_correct.pl,0.5595457553863525,0.262692928314209
arch/2/4o/kb/kb_ll_correct.pl,0.5697789192199707,0.24849581718444824
arch/2/4o/kb/kb_ll_correct.pl,0.48148584365844727,0.2592172622680664
arch/2/4o/kb/kb_ll_correct.pl,0.5627121925354004,0.2583916187286377
arch/2/4o/kb/kb_ll_correct.pl,0.5643119812011719,0.2491922378540039
arch/2/4o/kb/kb_ll_correct.pl,0.4763526916503906,0.2379772663116455
arch/2/4o/kb/kb_ll_correct.pl,0.5640695095062256,0.2585258483886719
arch/2/4o/kb/kb_ll_correct.pl,0.5659146308898926,0.24377751350402832
arch/2/4o/kb/kb_ll_correct.pl,0.5480446815490723,0.27915048599243164
arch/2/4o/kb/kb_ll_correct.pl,0.5677242279052734,0.2491168975830078
arch/2/4o/kb/kb_ll_correct.pl,0.5539145469665527,0.2744014263153076
