blocks_world/1/4o/kb/kb_ll.pl,0.020465481999999997,0.00010367000000000015,0.00011004499999999612
blocks_world/1/4o/kb/kb_ll.pl,0.025137377000000002,9.927500000000283e-05,0.00013244899999999976
blocks_world/1/4o/kb/kb_ll.pl,0.028057206,0.00010029199999998795,0.00013204199999999888
blocks_world/1/4o/kb/kb_ll.pl,0.027709635000000003,0.00011922999999999795,0.00016158800000000417
blocks_world/1/4o/kb/kb_ll.pl,0.038380727999999996,0.00016156299999998958,0.00020036699999999297
blocks_world/1/4o/kb/kb_ll.pl,0.037818882000000005,0.00014154700000000575,0.0001883029999999869
blocks_world/1/4o/kb/kb_ll.pl,0.037277547,0.00014723999999999293,0.00019101700000000166
blocks_world/1/4o/kb/kb_ll.pl,0.04726526,0.00018211599999999606,0.00023725100000000776
blocks_world/2/4o/kb/kb_ll_correct.pl,3.122209104,0.00026575899999992103,0.0008260440000000813
blocks_world/3/4o/kb/kb_ll_correct_v1.pl,34.438229545,0.0004003820000022529,0.0032468309999984513
blocks_world/4/4o/kb/kb_ll_correct.pl,0.073400031,0.000290635999999983,0.001882508000000005
blocks_world/5/4o/kb/kb_ll_correct_5_6.pl,0.018461707,0.0003250689999999973,0.0020316299999999926
blocks_world/5/4o/kb/kb_ll_correct_5_11.pl,0.06702773100000001,0.00043651499999999843,0.001989594000000011
blocks_world/5/4o/kb/kb_ll_correct_5_16.pl,0.132927431,0.00044810300000000525,0.0020344580000000168
blocks_world/5/4o/kb/kb_ll_correct_5_21.pl,0.21362943499999998,0.0005738200000000027,0.0019378660000000103
blocks_world/5/4o/kb/kb_ll_correct_10_11.pl,0.8784029609999999,0.00039450899999993183,0.0020454170000000493
blocks_world/5/4o/kb/kb_ll_correct_10_16.pl,1.809448655,0.00047527500000010825,0.0021608800000001427
blocks_world/5/4o/kb/kb_ll_correct_10_21.pl,3.186865762,0.0005513690000000793,0.0019007820000003228
blocks_world/5/4o/kb/kb_ll_correct_15_16.pl,8.781607768,0.0005840020000000834,0.0021524989999992528
blocks_world/5/4o/kb/kb_ll_correct_15_21.pl,21.144990161,0.0011426410000012766,0.0039058489999987955
blocks_world/5/4o/kb/kb_ll_correct_20_21.pl,62.73198378399999,0.0005773279999985448,0.002001503999998988
blocks_world/1/4o/kb/kb_ll.pl,0.021177265,8.199100000000348e-05,0.0001065049999999998
blocks_world/1/4o/kb/kb_ll.pl,0.022328028000000003,8.420499999999692e-05,0.00010552200000000372
blocks_world/1/4o/kb/kb_ll.pl,0.022861927,8.77570000000008e-05,0.00011337900000000373
blocks_world/1/4o/kb/kb_ll.pl,0.023825314,9.268500000000207e-05,0.00011775799999999559
blocks_world/1/4o/kb/kb_ll.pl,0.024518881000000003,9.517499999999596e-05,0.00011977600000000199
blocks_world/1/4o/kb/kb_ll.pl,0.025959878999999998,9.815500000000255e-05,0.0001229359999999971
blocks_world/1/4o/kb/kb_ll.pl,0.026304127,0.00010655000000000386,0.00012881299999999846
blocks_world/1/4o/kb/kb_ll.pl,0.026418645000000004,0.00010389999999999011,0.0001375230000000005
blocks_world/1/4o/kb/kb_ll.pl,0.027433973,0.0001049479999999936,0.0001322990000000024
blocks_world/1/4o/kb/kb_ll.pl,0.027223153,0.0001024659999999955,0.0001311769999999962
blocks_world/1/4o/kb/kb_ll.pl,0.027202070000000002,0.00010274099999998954,0.0001340269999999949
blocks_world/1/4o/kb/kb_ll.pl,0.027540884999999994,0.00010660099999999784,0.00013739999999999586
blocks_world/1/4o/kb/kb_ll.pl,0.028312667,0.00010860199999999931,0.00014626800000000495
blocks_world/1/4o/kb/kb_ll.pl,0.028609544999999993,0.00010973699999999864,0.0001396260000000038
blocks_world/1/4o/kb/kb_ll.pl,0.028207922999999996,0.00010856700000000385,0.0001370930000000048
blocks_world/1/4o/kb/kb_ll.pl,0.034504244,0.00012379600000000934,0.00015827200000000097
blocks_world/1/4o/kb/kb_ll.pl,0.030690400999999992,0.00012389200000000045,0.00015132300000000876
blocks_world/1/4o/kb/kb_ll.pl,0.031740024000000006,0.00012058999999998987,0.00016089400000000864
blocks_world/1/4o/kb/kb_ll.pl,0.031629001999999996,0.00011762400000001061,0.00015076899999999505
blocks_world/1/4o/kb/kb_ll.pl,0.032688022,0.00011586500000000666,0.0001481340000000081
blocks_world/1/4o/kb/kb_ll.pl,0.03337498199999999,0.00011941899999999561,0.00015746399999999605
blocks_world/1/4o/kb/kb_ll.pl,0.03228922299999999,0.00011362200000000766,0.0001479570000000041
blocks_world/1/4o/kb/kb_ll.pl,0.03185683500000001,0.00012985199999999975,0.00016385400000000494
blocks_world/1/4o/kb/kb_ll.pl,0.032747312,0.00012964800000000998,0.00017093299999999811
blocks_world/1/4o/kb/kb_ll.pl,0.034910272000000006,0.00013516500000000653,0.00016904400000000708
blocks_world/1/4o/kb/kb_ll.pl,0.034371478,0.00012989600000000434,0.00017579800000000478
blocks_world/1/4o/kb/kb_ll.pl,0.038265878,0.0001406889999999994,0.00018436599999999137
blocks_world/1/4o/kb/kb_ll.pl,0.036825305999999995,0.0001463690000000073,0.00019687100000000124
blocks_world/1/4o/kb/kb_ll.pl,0.035056677999999994,0.00012942100000000456,0.00017167799999999456
blocks_world/1/4o/kb/kb_ll.pl,0.03521755399999999,0.0001337579999999977,0.0001833720000000011
blocks_world/1/4o/kb/kb_ll.pl,0.035916725000000004,0.00013945299999999772,0.00018473100000000742
blocks_world/1/4o/kb/kb_ll.pl,0.036266869,0.0001343320000000009,0.00017144399999999282
blocks_world/1/4o/kb/kb_ll.pl,0.033210454,0.00012355300000001235,0.00016482300000000838
blocks_world/1/4o/kb/kb_ll.pl,0.032436106000000006,0.0001185070000000038,0.00015504800000000485
blocks_world/1/4o/kb/kb_ll.pl,0.032117055000000005,0.00011692700000000278,0.00015294600000000103
blocks_world/1/4o/kb/kb_ll.pl,0.031495700999999994,0.00012050299999999403,0.00015460700000000105
blocks_world/1/4o/kb/kb_ll.pl,0.030543012,0.00011426900000000018,0.00014775999999999678
blocks_world/1/4o/kb/kb_ll.pl,0.030352117999999997,0.0001126099999999991,0.00014787500000000564
blocks_world/1/4o/kb/kb_ll.pl,0.030328772000000004,0.00011319699999999544,0.00015126899999999555
blocks_world/1/4o/kb/kb_ll.pl,0.030651311999999993,0.00011133100000000618,0.0001403390000000032
blocks_world/1/4o/kb/kb_ll.pl,0.029919515,0.00011458300000000143,0.00014654399999999845
blocks_world/1/4o/kb/kb_ll.pl,0.029520701000000003,0.00011170200000000519,0.00014594599999999402
blocks_world/1/4o/kb/kb_ll.pl,0.02957122699999999,0.00011002400000000023,0.00013978299999999055
blocks_world/1/4o/kb/kb_ll.pl,0.02923101,0.00010837799999999231,0.00013907400000000292
blocks_world/1/4o/kb/kb_ll.pl,0.031268223000000005,0.00012816300000000058,0.0001683300000000082
blocks_world/1/4o/kb/kb_ll.pl,0.032018168,0.00012937499999998714,0.00016664599999999252
blocks_world/1/4o/kb/kb_ll.pl,0.031684611999999994,0.0001174079999999994,0.00015282000000001184
blocks_world/1/4o/kb/kb_ll.pl,0.031142106000000003,0.00011868999999999075,0.00015630099999999758
blocks_world/1/4o/kb/kb_ll.pl,0.03216526299999999,0.0001231619999999961,0.0001635690000000023
blocks_world/1/4o/kb/kb_ll.pl,0.031307760999999996,0.00011873699999999376,0.0001541939999999964
blocks_world/2/4o/kb/kb_ll_correct.pl,1.704901808,0.00021406999999995513,0.0006862100000000204
blocks_world/2/4o/kb/kb_ll_correct.pl,1.579861621,0.0002229470000001399,0.0006834330000000666
blocks_world/2/4o/kb/kb_ll_correct.pl,1.695372743,0.00020668199999995807,0.0006786409999999243
blocks_world/2/4o/kb/kb_ll_correct.pl,1.6677807709999999,0.00024544300000006736,0.0008236979999998173
blocks_world/2/4o/kb/kb_ll_correct.pl,1.6064070639999999,0.00020911199999984476,0.0006770250000001088
blocks_world/2/4o/kb/kb_ll_correct.pl,1.656355463,0.00021945099999998163,0.0007261519999999244
blocks_world/2/4o/kb/kb_ll_correct.pl,1.572751756,0.00021397800000011458,0.0006974270000001948
blocks_world/2/4o/kb/kb_ll_correct.pl,1.545131886,0.00019280099999985367,0.0005892729999998902
blocks_world/2/4o/kb/kb_ll_correct.pl,1.472784757,0.0002607399999998705,0.0008448100000002512
blocks_world/2/4o/kb/kb_ll_correct.pl,1.627551794,0.00020512200000011305,0.0006606970000000434
blocks_world/2/4o/kb/kb_ll_correct.pl,1.642495517,0.00021525599999971945,0.000649314000000123
blocks_world/2/4o/kb/kb_ll_correct.pl,1.663093799,0.00021278499999999312,0.0006879859999999738
blocks_world/2/4o/kb/kb_ll_correct.pl,1.63946243,0.00018853499999993417,0.0006048059999999023
blocks_world/2/4o/kb/kb_ll_correct.pl,1.454920781,0.0002197369999998866,0.0007271300000000203
blocks_world/2/4o/kb/kb_ll_correct.pl,1.65339823,0.0002019389999998733,0.0006612360000000095
blocks_world/2/4o/kb/kb_ll_correct.pl,1.631889337,0.0002463200000000221,0.0007923959999998065
blocks_world/2/4o/kb/kb_ll_correct.pl,1.61528976,0.00021284000000010295,0.0006904990000000666
blocks_world/2/4o/kb/kb_ll_correct.pl,1.64739258,0.00021067600000002074,0.0006716180000001515
blocks_world/2/4o/kb/kb_ll_correct.pl,1.575177469,0.000230388999999942,0.0007415540000001997
blocks_world/2/4o/kb/kb_ll_correct.pl,1.670639938,0.00020759999999997447,0.0006626579999999826
blocks_world/2/4o/kb/kb_ll_correct.pl,1.64680687,0.00026414600000013166,0.0008162789999999198
blocks_world/2/4o/kb/kb_ll_correct.pl,1.640261473,0.00020702199999989013,0.0006757820000000692
blocks_world/2/4o/kb/kb_ll_correct.pl,1.648840867,0.00020623500000005457,0.0006571900000000852
blocks_world/2/4o/kb/kb_ll_correct.pl,1.5679548300000001,0.00021574999999995903,0.0006788419999999018
blocks_world/2/4o/kb/kb_ll_correct.pl,1.649193677,0.00022123699999987423,0.0006442479999999584
blocks_world/2/4o/kb/kb_ll_correct.pl,1.6263946859999998,0.00027116999999998725,0.0008721609999999824
blocks_world/2/4o/kb/kb_ll_correct.pl,1.604100343,0.00020305299999989757,0.0006366559999999577
blocks_world/2/4o/kb/kb_ll_correct.pl,1.6534153790000001,0.00021705000000005192,0.000728923000000048
blocks_world/2/4o/kb/kb_ll_correct.pl,1.585924387,0.00021434199999981196,0.0006831700000000662
blocks_world/2/4o/kb/kb_ll_correct.pl,1.662119035,0.00020532200000022982,0.0006741640000000881
blocks_world/2/4o/kb/kb_ll_correct.pl,1.590463515,0.0002635489999998075,0.0008383279999999438
blocks_world/2/4o/kb/kb_ll_correct.pl,1.5124630090000002,0.00018455999999988926,0.0005737980000000142
blocks_world/2/4o/kb/kb_ll_correct.pl,1.5662496830000001,0.00023131600000003694,0.0007686570000000614
blocks_world/2/4o/kb/kb_ll_correct.pl,1.5889773189999998,0.00022826399999997804,0.0007316790000000406
blocks_world/2/4o/kb/kb_ll_correct.pl,1.643454965,0.00020438699999991705,0.000654722000000163
blocks_world/2/4o/kb/kb_ll_correct.pl,1.5428740969999999,0.0003393039999999292,0.000682284000000033
blocks_world/2/4o/kb/kb_ll_correct.pl,1.575103449,0.00018593499999997043,0.0006013079999998006
blocks_world/2/4o/kb/kb_ll_correct.pl,1.485622972,0.00025427600000016426,0.0008045339999998014
blocks_world/2/4o/kb/kb_ll_correct.pl,1.60829944,0.00023112799999980282,0.0007169280000001166
blocks_world/2/4o/kb/kb_ll_correct.pl,1.6264954790000001,0.00022308599999987244,0.0007343929999998888
blocks_world/2/4o/kb/kb_ll_correct.pl,1.568750089,0.00021504100000013793,0.0006685849999998883
blocks_world/2/4o/kb/kb_ll_correct.pl,1.615304511,0.0001889440000000242,0.0006123409999998497
blocks_world/2/4o/kb/kb_ll_correct.pl,1.425023788,0.00020593299999993597,0.000656742000000099
blocks_world/2/4o/kb/kb_ll_correct.pl,1.6488443650000002,0.00021629099999986856,0.0006680299999999306
blocks_world/2/4o/kb/kb_ll_correct.pl,1.71177177,0.00024420799999980147,0.0007626899999999548
blocks_world/2/4o/kb/kb_ll_correct.pl,1.577093274,0.0002040250000001631,0.0006816149999999688
blocks_world/2/4o/kb/kb_ll_correct.pl,1.6772244269999999,0.00020444300000010962,0.0006837140000000019
blocks_world/2/4o/kb/kb_ll_correct.pl,1.617460088,0.00021661100000014422,0.0006905909999999071
blocks_world/2/4o/kb/kb_ll_correct.pl,1.6810848530000002,0.00021643799999981894,0.0007132420000000028
blocks_world/2/4o/kb/kb_ll_correct.pl,1.654779284,0.00023009000000007163,0.0007420599999998778
blocks_world/3/4o/kb/kb_ll_correct_v1.pl,21.846330703,0.0003667269999994005,0.002974907000002247
blocks_world/3/4o/kb/kb_ll_correct_v1.pl,22.036028353,0.00030396799999721225,0.002434993999997914
blocks_world/3/4o/kb/kb_ll_correct_v1.pl,22.426620132,0.00032189699999918275,0.002563958999999727
blocks_world/3/4o/kb/kb_ll_correct_v1.pl,22.400665316,0.00033105500000019106,0.0025471940000016957
blocks_world/3/4o/kb/kb_ll_correct_v1.pl,21.618917959,0.00033492500000065206,0.0027131149999988224
blocks_world/3/4o/kb/kb_ll_correct_v1.pl,22.264896305,0.00032273899999779587,0.0026095559999994578
blocks_world/3/4o/kb/kb_ll_correct_v1.pl,22.180180662999998,0.0003179029999991201,0.002564428999999535
blocks_world/3/4o/kb/kb_ll_correct_v1.pl,21.888283873,0.0003649410000008402,0.0027521849999985193
blocks_world/3/4o/kb/kb_ll_correct_v1.pl,21.567731236,0.00032876099999867847,0.0025959819999989975
blocks_world/3/4o/kb/kb_ll_correct_v1.pl,22.092773833,0.0003358919999989496,0.0026449619999979745
blocks_world/3/4o/kb/kb_ll_correct_v1.pl,22.128712768,0.0003488780000004965,0.002791250000001355
blocks_world/3/4o/kb/kb_ll_correct_v1.pl,21.399709229000003,0.00033157200000033527,0.0026684629999991216
blocks_world/3/4o/kb/kb_ll_correct_v1.pl,22.267065802,0.0003747210000000223,0.0029658640000000958
blocks_world/3/4o/kb/kb_ll_correct_v1.pl,22.017434546,0.0003957760000012911,0.0030646589999996365
blocks_world/3/4o/kb/kb_ll_correct_v1.pl,21.66762778,0.00033347900000180175,0.0026664549999999565
blocks_world/3/4o/kb/kb_ll_correct_v1.pl,22.171508178,0.00035144099999939726,0.002741674999999333
blocks_world/3/4o/kb/kb_ll_correct_v1.pl,22.08641439,0.00031393999999806965,0.0024827069999986406
blocks_world/3/4o/kb/kb_ll_correct_v1.pl,21.986952525000003,0.0003183349999993368,0.002567671000001326
blocks_world/3/4o/kb/kb_ll_correct_v1.pl,21.519019696,0.0003867980000009652,0.00258391799999913
blocks_world/3/4o/kb/kb_ll_correct_v1.pl,22.333196108,0.0004286280000016518,0.0029720709999985218
blocks_world/3/4o/kb/kb_ll_correct_v1.pl,21.787302742,0.00036148299999894107,0.002849342000001087
blocks_world/3/4o/kb/kb_ll_correct_v1.pl,21.375377058,0.00034517400000311227,0.0025224440000002346
blocks_world/3/4o/kb/kb_ll_correct_v1.pl,22.12306908,0.0003380899999996245,0.0026588609999969037
blocks_world/3/4o/kb/kb_ll_correct_v1.pl,22.786441857,0.0002992920000011168,0.0023966309999998714
blocks_world/3/4o/kb/kb_ll_correct_v1.pl,22.216422227,0.0003533140000016033,0.002686476000000937
blocks_world/3/4o/kb/kb_ll_correct_v1.pl,21.992528813,0.00035651399999991895,0.0029550690000021973
blocks_world/3/4o/kb/kb_ll_correct_v1.pl,22.571278927,0.0003738350000013213,0.002866116999999946
blocks_world/3/4o/kb/kb_ll_correct_v1.pl,21.629500449,0.00036566700000051355,0.002863803999996861
blocks_world/3/4o/kb/kb_ll_correct_v1.pl,22.091334681000003,0.00035688300000202844,0.002707345000001027
blocks_world/3/4o/kb/kb_ll_correct_v1.pl,22.032216264,0.0003281870000009235,0.0025832369999996274
blocks_world/3/4o/kb/kb_ll_correct_v1.pl,22.141160784999997,0.00032224199999930647,0.0025686689999986356
blocks_world/3/4o/kb/kb_ll_correct_v1.pl,21.839045914000003,0.00033109700000011344,0.0026305390000018747
blocks_world/3/4o/kb/kb_ll_correct_v1.pl,22.101868207,0.00034111100000089323,0.0025866319999998666
blocks_world/3/4o/kb/kb_ll_correct_v1.pl,21.961338938,0.00036462599999964596,0.002834458999998901
blocks_world/3/4o/kb/kb_ll_correct_v1.pl,21.896135348,0.00040035600000010163,0.0027005230000014535
blocks_world/3/4o/kb/kb_ll_correct_v1.pl,21.966367225,0.00030218799999914836,0.002351877000002389
blocks_world/3/4o/kb/kb_ll_correct_v1.pl,22.106638458,0.00032833199999871,0.002636898999998749
blocks_world/3/4o/kb/kb_ll_correct_v1.pl,22.142106526,0.00033933099999927663,0.0025555729999986454
blocks_world/3/4o/kb/kb_ll_correct_v1.pl,22.399866425,0.0003344720000022505,0.002706922000001555
blocks_world/3/4o/kb/kb_ll_correct_v1.pl,21.938731272,0.00029920200000077557,0.002355262999998331
blocks_world/3/4o/kb/kb_ll_correct_v1.pl,21.908396462000002,0.00035997400000198354,0.002842204000000237
blocks_world/3/4o/kb/kb_ll_correct_v1.pl,21.975830295,0.0004019780000028561,0.003285007000002338
blocks_world/3/4o/kb/kb_ll_correct_v1.pl,24.338603589,0.0004991140000001337,0.003253599000000662
blocks_world/3/4o/kb/kb_ll_correct_v1.pl,27.363282233000003,0.0005230030000014096,0.003985092000000634
blocks_world/3/4o/kb/kb_ll_correct_v1.pl,27.544948003000002,0.00038594300000127646,0.002692836000001364
blocks_world/3/4o/kb/kb_ll_correct_v1.pl,27.803608168,0.00048189500000006547,0.0036339850000004503
blocks_world/3/4o/kb/kb_ll_correct_v1.pl,28.97558218,0.00047173300000125096,0.0035838619999992716
blocks_world/3/4o/kb/kb_ll_correct_v1.pl,27.404241893,0.00047800999999836336,0.0034193979999983526
blocks_world/3/4o/kb/kb_ll_correct_v1.pl,27.500738701,0.0004717340000013337,0.0037452749999999924
blocks_world/3/4o/kb/kb_ll_correct_v1.pl,26.999790629,0.00047728299999860724,0.0036166370000003667
blocks_world/4/4o/kb/kb_ll_correct.pl,0.08292257500000001,0.00032074600000001063,0.002010896000000012
blocks_world/4/4o/kb/kb_ll_correct.pl,0.08143079699999999,0.00034133599999999764,0.0020316940000000006
blocks_world/4/4o/kb/kb_ll_correct.pl,0.08513510500000002,0.0003317860000000006,0.002093556999999996
blocks_world/4/4o/kb/kb_ll_correct.pl,0.08053860300000001,0.0002788340000000056,0.0017985739999999972
blocks_world/4/4o/kb/kb_ll_correct.pl,0.07591187099999999,0.00031541899999999734,0.0019011280000000158
blocks_world/4/4o/kb/kb_ll_correct.pl,0.08899015299999999,0.000368132000000021,0.0023136390000000062
blocks_world/4/4o/kb/kb_ll_correct.pl,0.08934614099999999,0.00033589800000000114,0.0020400710000000044
blocks_world/4/4o/kb/kb_ll_correct.pl,0.08288375199999999,0.0002987919999999922,0.0018837580000000131
blocks_world/4/4o/kb/kb_ll_correct.pl,0.081164611,0.0003205730000000184,0.001969060999999994
blocks_world/4/4o/kb/kb_ll_correct.pl,0.08140203800000001,0.00031896099999997873,0.002010873999999996
blocks_world/4/4o/kb/kb_ll_correct.pl,0.084201438,0.0003066260000000043,0.0020296210000000092
blocks_world/4/4o/kb/kb_ll_correct.pl,0.076459215,0.0002785730000000042,0.0017503590000000069
blocks_world/4/4o/kb/kb_ll_correct.pl,0.074230118,0.0002806329999999885,0.001713381
blocks_world/4/4o/kb/kb_ll_correct.pl,0.076920876,0.0003157269999999879,0.0019657459999999904
blocks_world/4/4o/kb/kb_ll_correct.pl,0.085111512,0.0003357730000000114,0.0021130269999999896
blocks_world/4/4o/kb/kb_ll_correct.pl,0.09012569599999999,0.0003485540000000009,0.0022107360000000187
blocks_world/4/4o/kb/kb_ll_correct.pl,0.097995568,0.00036200599999999805,0.0021584159999999963
blocks_world/4/4o/kb/kb_ll_correct.pl,0.084268664,0.0003074670000000057,0.0019715929999999937
blocks_world/4/4o/kb/kb_ll_correct.pl,0.075490848,0.00028186500000000614,0.001806096000000007
blocks_world/4/4o/kb/kb_ll_correct.pl,0.07758953899999999,0.0003065150000000072,0.001874975000000001
blocks_world/4/4o/kb/kb_ll_correct.pl,0.078188256,0.0002990330000000041,0.0018965210000000121
blocks_world/4/4o/kb/kb_ll_correct.pl,0.09122422599999999,0.0003115150000000122,0.0020117159999999967
blocks_world/4/4o/kb/kb_ll_correct.pl,0.082177888,0.00032158499999998535,0.001996758999999987
blocks_world/4/4o/kb/kb_ll_correct.pl,0.080678689,0.00031645599999999274,0.0020434100000000233
blocks_world/4/4o/kb/kb_ll_correct.pl,0.080955723,0.00031252100000001004,0.0020313349999999952
blocks_world/4/4o/kb/kb_ll_correct.pl,0.077477655,0.0002798360000000055,0.001788802000000006
blocks_world/4/4o/kb/kb_ll_correct.pl,0.07405773500000001,0.0002847720000000026,0.0017862410000000079
blocks_world/4/4o/kb/kb_ll_correct.pl,0.076906636,0.0003043930000000139,0.0019050780000000045
blocks_world/4/4o/kb/kb_ll_correct.pl,0.07993105699999999,0.00031908300000002554,0.002000479999999999
blocks_world/4/4o/kb/kb_ll_correct.pl,0.077199037,0.00030605400000000005,0.0018758500000000122
blocks_world/4/4o/kb/kb_ll_correct.pl,0.080180307,0.00031487899999999014,0.001960793999999988
blocks_world/4/4o/kb/kb_ll_correct.pl,0.08505900899999999,0.00032892200000000926,0.0020481349999999787
blocks_world/4/4o/kb/kb_ll_correct.pl,0.085384817,0.0003347770000000083,0.0020983790000000113
blocks_world/4/4o/kb/kb_ll_correct.pl,0.08719976400000001,0.0003271609999999925,0.0020636440000000034
blocks_world/4/4o/kb/kb_ll_correct.pl,0.085646505,0.00033405899999999766,0.002093862000000002
blocks_world/4/4o/kb/kb_ll_correct.pl,0.094207332,0.0003745009999999993,0.002299941
blocks_world/4/4o/kb/kb_ll_correct.pl,0.10518137899999999,0.0003624440000000173,0.0023545560000000076
blocks_world/4/4o/kb/kb_ll_correct.pl,0.092467022,0.0003507080000000051,0.002220850000000024
blocks_world/4/4o/kb/kb_ll_correct.pl,0.08670502100000001,0.0003189200000000003,0.001989829999999998
blocks_world/4/4o/kb/kb_ll_correct.pl,0.07650235899999999,0.00028988399999999026,0.0018371809999999933
blocks_world/4/4o/kb/kb_ll_correct.pl,0.069598037,0.000257702999999998,0.0016694899999999957
blocks_world/4/4o/kb/kb_ll_correct.pl,0.071074679,0.000277273999999994,0.0017589980000000116
blocks_world/4/4o/kb/kb_ll_correct.pl,0.074319683,0.00028821400000000885,0.0018070410000000092
blocks_world/4/4o/kb/kb_ll_correct.pl,0.076794133,0.00029198500000002237,0.0017859179999999975
blocks_world/4/4o/kb/kb_ll_correct.pl,0.071427513,0.0002720830000000063,0.0017280430000000124
blocks_world/4/4o/kb/kb_ll_correct.pl,0.067829159,0.00024676299999999707,0.0015684219999999999
blocks_world/4/4o/kb/kb_ll_correct.pl,0.06775045299999999,0.00027580600000000344,0.0016908749999999945
blocks_world/4/4o/kb/kb_ll_correct.pl,0.0757942,0.00031437099999999385,0.001870694000000006
blocks_world/4/4o/kb/kb_ll_correct.pl,0.080233157,0.0003130709999999981,0.0019895030000000036
blocks_world/4/4o/kb/kb_ll_correct.pl,0.08293697900000001,0.0003000039999999926,0.0019317430000000135
blocks_world/5/4o/kb/kb_ll_correct_5_6.pl,0.017721013999999993,0.0003046669999999946,0.0018899490000000019
blocks_world/5/4o/kb/kb_ll_correct_5_6.pl,0.017595609000000005,0.00028154599999999363,0.001845332000000005
blocks_world/5/4o/kb/kb_ll_correct_5_6.pl,0.018727064,0.00028070600000000556,0.001858884000000005
blocks_world/5/4o/kb/kb_ll_correct_5_6.pl,0.017939972999999998,0.0003169930000000015,0.0019936670000000045
blocks_world/5/4o/kb/kb_ll_correct_5_6.pl,0.018298321,0.0003115119999999999,0.002014639999999998
blocks_world/5/4o/kb/kb_ll_correct_5_6.pl,0.019369949999999997,0.00032477899999999726,0.0021622250000000037
blocks_world/5/4o/kb/kb_ll_correct_5_6.pl,0.01935795,0.00046046099999999535,0.002919353999999999
blocks_world/5/4o/kb/kb_ll_correct_5_6.pl,0.020141061999999994,0.00034227399999998964,0.002167909999999995
blocks_world/5/4o/kb/kb_ll_correct_5_6.pl,0.020628043000000006,0.0003465760000000012,0.002248832000000006
blocks_world/5/4o/kb/kb_ll_correct_5_6.pl,0.021340097999999995,0.00035944400000000043,0.002326225000000001
blocks_world/5/4o/kb/kb_ll_correct_5_6.pl,0.022410005999999996,0.00037161299999999287,0.0023985990000000013
blocks_world/5/4o/kb/kb_ll_correct_5_6.pl,0.025273464000000002,0.0003889069999999939,0.002473868000000004
blocks_world/5/4o/kb/kb_ll_correct_5_6.pl,0.02155278499999999,0.0003612869999999879,0.0022810620000000004
blocks_world/5/4o/kb/kb_ll_correct_5_6.pl,0.020185843999999994,0.0003202300000000047,0.002105559000000007
blocks_world/5/4o/kb/kb_ll_correct_5_6.pl,0.020451532999999994,0.00035706400000000416,0.002205673999999991
blocks_world/5/4o/kb/kb_ll_correct_5_6.pl,0.020363575000000002,0.0003411170000000019,0.0022243750000000007
blocks_world/5/4o/kb/kb_ll_correct_5_6.pl,0.020779594000000005,0.0003476060000000003,0.0022306049999999966
blocks_world/5/4o/kb/kb_ll_correct_5_6.pl,0.020243315999999997,0.00034669900000000586,0.002215311999999997
blocks_world/5/4o/kb/kb_ll_correct_5_6.pl,0.020554544,0.0003519369999999966,0.0021923049999999916
blocks_world/5/4o/kb/kb_ll_correct_5_6.pl,0.018809969000000003,0.00030829999999999746,0.0020250220000000013
blocks_world/5/4o/kb/kb_ll_correct_5_6.pl,0.018072241999999995,0.0002994260000000054,0.001938365999999997
blocks_world/5/4o/kb/kb_ll_correct_5_6.pl,0.018628816000000006,0.00032273199999999225,0.0020309859999999985
blocks_world/5/4o/kb/kb_ll_correct_5_6.pl,0.019249579999999995,0.00032510299999999326,0.0020985449999999933
blocks_world/5/4o/kb/kb_ll_correct_5_6.pl,0.020571054000000005,0.0003397680000000042,0.0022566700000000023
blocks_world/5/4o/kb/kb_ll_correct_5_6.pl,0.021429630999999998,0.0003698439999999942,0.00232859299999999
blocks_world/5/4o/kb/kb_ll_correct_5_6.pl,0.021114626000000004,0.0003407299999999974,0.002226567999999998
blocks_world/5/4o/kb/kb_ll_correct_5_6.pl,0.019241633000000008,0.00032294099999999326,0.002166696999999995
blocks_world/5/4o/kb/kb_ll_correct_5_6.pl,0.018573489999999998,0.00031987099999999935,0.0020505830000000086
blocks_world/5/4o/kb/kb_ll_correct_5_6.pl,0.019428895,0.00033094599999999863,0.0021023579999999986
blocks_world/5/4o/kb/kb_ll_correct_5_6.pl,0.019297857,0.00032474600000000076,0.0021109539999999982
blocks_world/5/4o/kb/kb_ll_correct_5_6.pl,0.019739386999999997,0.00034647599999999834,0.002209941000000007
blocks_world/5/4o/kb/kb_ll_correct_5_6.pl,0.020323644999999994,0.0003429800000000066,0.0022574469999999958
blocks_world/5/4o/kb/kb_ll_correct_5_6.pl,0.019410675000000002,0.0003323100000000023,0.002106008999999992
blocks_world/5/4o/kb/kb_ll_correct_5_6.pl,0.018379720000000002,0.0003062039999999905,0.002071064999999997
blocks_world/5/4o/kb/kb_ll_correct_5_6.pl,0.01864126,0.000304280000000004,0.0021058650000000123
blocks_world/5/4o/kb/kb_ll_correct_5_6.pl,0.018457234000000003,0.0003107289999999957,0.0020257180000000097
blocks_world/5/4o/kb/kb_ll_correct_5_6.pl,0.019384238999999998,0.0003260419999999986,0.002087723999999999
blocks_world/5/4o/kb/kb_ll_correct_5_6.pl,0.020121819,0.00033974499999998853,0.002193046000000004
blocks_world/5/4o/kb/kb_ll_correct_5_6.pl,0.021363796000000004,0.0003576579999999968,0.002293002999999988
blocks_world/5/4o/kb/kb_ll_correct_5_6.pl,0.02118272000000001,0.0003613749999999971,0.002312678999999998
blocks_world/5/4o/kb/kb_ll_correct_5_6.pl,0.020207078999999996,0.00034396800000000005,0.0022124639999999973
blocks_world/5/4o/kb/kb_ll_correct_5_6.pl,0.020178258999999997,0.0003644970000000053,0.0025139279999999986
blocks_world/5/4o/kb/kb_ll_correct_5_6.pl,0.021348641,0.0003757220000000089,0.002288016000000004
blocks_world/5/4o/kb/kb_ll_correct_5_6.pl,0.022465533999999995,0.00043786300000001055,0.0024532439999999933
blocks_world/5/4o/kb/kb_ll_correct_5_6.pl,0.024171448000000005,0.00041070799999999574,0.0026330050000000077
blocks_world/5/4o/kb/kb_ll_correct_5_6.pl,0.024073686999999996,0.0004166680000000089,0.0026791470000000067
blocks_world/5/4o/kb/kb_ll_correct_5_6.pl,0.024616182,0.0004057300000000069,0.0025326249999999967
blocks_world/5/4o/kb/kb_ll_correct_5_6.pl,0.023151079999999997,0.0004520619999999892,0.0024054180000000064
blocks_world/5/4o/kb/kb_ll_correct_5_6.pl,0.022293225999999992,0.0003858659999999986,0.00245912999999999
blocks_world/5/4o/kb/kb_ll_correct_5_6.pl,0.022540596000000003,0.00037824300000000033,0.002475403000000001
blocks_world/5/4o/kb/kb_ll_correct_5_11.pl,0.07750342899999998,0.0005116709999999913,0.0026193210000000078
blocks_world/5/4o/kb/kb_ll_correct_5_11.pl,0.07969309299999999,0.0005047229999999847,0.0026106939999999967
blocks_world/5/4o/kb/kb_ll_correct_5_11.pl,0.06991836100000001,0.0004386260000000253,0.0022732649999999965
blocks_world/5/4o/kb/kb_ll_correct_5_11.pl,0.067826892,0.00042388799999999727,0.0022027799999999875
blocks_world/5/4o/kb/kb_ll_correct_5_11.pl,0.06779519,0.0004193279999999966,0.002309506000000003
blocks_world/5/4o/kb/kb_ll_correct_5_11.pl,0.067709361,0.00042384099999999425,0.0022163470000000074
blocks_world/5/4o/kb/kb_ll_correct_5_11.pl,0.063393541,0.0003829579999999888,0.0020931710000000048
blocks_world/5/4o/kb/kb_ll_correct_5_11.pl,0.06240410799999999,0.00039550800000000275,0.0020867830000000087
blocks_world/5/4o/kb/kb_ll_correct_5_11.pl,0.061695399000000005,0.00042355700000000496,0.0020461329999999917
blocks_world/5/4o/kb/kb_ll_correct_5_11.pl,0.06668637999999999,0.00042623799999999545,0.0022093489999999993
blocks_world/5/4o/kb/kb_ll_correct_5_11.pl,0.07058373099999998,0.0004273399999999983,0.0022301829999999967
blocks_world/5/4o/kb/kb_ll_correct_5_11.pl,0.06564895500000001,0.00045262499999999817,0.0021164170000000093
blocks_world/5/4o/kb/kb_ll_correct_5_11.pl,0.069093745,0.0004253869999999854,0.0021948489999999987
blocks_world/5/4o/kb/kb_ll_correct_5_11.pl,0.06785106800000001,0.00042280399999999885,0.0021982790000000113
blocks_world/5/4o/kb/kb_ll_correct_5_11.pl,0.066923023,0.0003999910000000023,0.002190144000000005
blocks_world/5/4o/kb/kb_ll_correct_5_11.pl,0.061751308,0.00043874900000000217,0.0019851060000000004
blocks_world/5/4o/kb/kb_ll_correct_5_11.pl,0.063928501,0.00040902000000000993,0.002163244999999994
blocks_world/5/4o/kb/kb_ll_correct_5_11.pl,0.07109222400000001,0.0004917950000000171,0.002247275000000021
blocks_world/5/4o/kb/kb_ll_correct_5_11.pl,0.07836588400000001,0.0005206959999999872,0.002591959000000005
blocks_world/5/4o/kb/kb_ll_correct_5_11.pl,0.084967119,0.0005096559999999972,0.002571577999999991
blocks_world/5/4o/kb/kb_ll_correct_5_11.pl,0.07999458599999999,0.00048662099999999264,0.0026099200000000156
blocks_world/5/4o/kb/kb_ll_correct_5_11.pl,0.07643629599999999,0.00047412299999999297,0.0025204139999999986
blocks_world/5/4o/kb/kb_ll_correct_5_11.pl,0.071659117,0.0004504320000000006,0.002322493000000009
blocks_world/5/4o/kb/kb_ll_correct_5_11.pl,0.066214153,0.000396485000000002,0.0021053709999999948
blocks_world/5/4o/kb/kb_ll_correct_5_11.pl,0.061730956,0.0003784679999999929,0.002003401000000002
blocks_world/5/4o/kb/kb_ll_correct_5_11.pl,0.064512421,0.0003985940000000021,0.0021107800000000065
blocks_world/5/4o/kb/kb_ll_correct_5_11.pl,0.064587026,0.00040196800000000255,0.002154353999999997
blocks_world/5/4o/kb/kb_ll_correct_5_11.pl,0.06978100200000001,0.0004155350000000224,0.002130614000000003
blocks_world/5/4o/kb/kb_ll_correct_5_11.pl,0.06707178,0.00040869200000000216,0.002110604000000002
blocks_world/5/4o/kb/kb_ll_correct_5_11.pl,0.06774261100000001,0.0004323219999999989,0.002162182999999998
blocks_world/5/4o/kb/kb_ll_correct_5_11.pl,0.06542208199999999,0.0004058670000000042,0.0021195260000000105
blocks_world/5/4o/kb/kb_ll_correct_5_11.pl,0.064608571,0.00038680500000000395,0.0020556379999999985
blocks_world/5/4o/kb/kb_ll_correct_5_11.pl,0.05995351399999999,0.00036302800000000135,0.001899126000000001
blocks_world/5/4o/kb/kb_ll_correct_5_11.pl,0.057102411,0.00035465599999999486,0.0018705579999999944
blocks_world/5/4o/kb/kb_ll_correct_5_11.pl,0.054557516,0.0003581690000000054,0.0018867629999999996
blocks_world/5/4o/kb/kb_ll_correct_5_11.pl,0.057761914000000004,0.0003770820000000008,0.0019293930000000015
blocks_world/5/4o/kb/kb_ll_correct_5_11.pl,0.059313328000000005,0.00043967200000000206,0.0020888680000000076
blocks_world/5/4o/kb/kb_ll_correct_5_11.pl,0.06601393,0.0004186839999999886,0.0022741309999999987
blocks_world/5/4o/kb/kb_ll_correct_5_11.pl,0.06451090100000001,0.00040098299999999365,0.0021312380000000075
blocks_world/5/4o/kb/kb_ll_correct_5_11.pl,0.074460989,0.0005047600000000207,0.0022968759999999755
blocks_world/5/4o/kb/kb_ll_correct_5_11.pl,0.07502555300000001,0.0004699079999999911,0.002550845000000024
blocks_world/5/4o/kb/kb_ll_correct_5_11.pl,0.07978611199999999,0.0005260190000000164,0.002571472000000019
blocks_world/5/4o/kb/kb_ll_correct_5_11.pl,0.080537726,0.00048060099999999717,0.0023160080000000083
blocks_world/5/4o/kb/kb_ll_correct_5_11.pl,0.06694952200000001,0.00040149800000000013,0.0020903349999999987
blocks_world/5/4o/kb/kb_ll_correct_5_11.pl,0.06051458099999999,0.00035488000000000186,0.0018942079999999945
blocks_world/5/4o/kb/kb_ll_correct_5_11.pl,0.056317655999999994,0.00035264899999999655,0.001911291999999995
blocks_world/5/4o/kb/kb_ll_correct_5_11.pl,0.058701112,0.0003983850000000011,0.0020845460000000066
blocks_world/5/4o/kb/kb_ll_correct_5_11.pl,0.064692104,0.0004111170000000025,0.0020694760000000006
blocks_world/5/4o/kb/kb_ll_correct_5_11.pl,0.06535977300000001,0.00040285000000001014,0.00211981700000001
blocks_world/5/4o/kb/kb_ll_correct_5_11.pl,0.06428346100000001,0.0004022379999999992,0.002102088000000002
blocks_world/5/4o/kb/kb_ll_correct_5_16.pl,0.125232556,0.0004394829999999905,0.0019323489999999999
blocks_world/5/4o/kb/kb_ll_correct_5_16.pl,0.127944556,0.0004610479999999917,0.0020133819999999802
blocks_world/5/4o/kb/kb_ll_correct_5_16.pl,0.148118848,0.0004454170000000035,0.0019429069999999937
blocks_world/5/4o/kb/kb_ll_correct_5_16.pl,0.145380754,0.00047768600000000494,0.0021106429999999954
blocks_world/5/4o/kb/kb_ll_correct_5_16.pl,0.142619103,0.0004999619999999927,0.0022049719999999995
blocks_world/5/4o/kb/kb_ll_correct_5_16.pl,0.133985592,0.0004553559999999901,0.001909950999999993
blocks_world/5/4o/kb/kb_ll_correct_5_16.pl,0.124425981,0.00044150600000000817,0.001937431999999989
blocks_world/5/4o/kb/kb_ll_correct_5_16.pl,0.132990577,0.0005578460000000007,0.002175574999999985
blocks_world/5/4o/kb/kb_ll_correct_5_16.pl,0.144192178,0.0005431090000000138,0.00208301800000002
blocks_world/5/4o/kb/kb_ll_correct_5_16.pl,0.162883712,0.000575196,0.004151714000000001
blocks_world/5/4o/kb/kb_ll_correct_5_16.pl,0.14940745099999997,0.0005642959999999919,0.0022014969999999967
blocks_world/5/4o/kb/kb_ll_correct_5_16.pl,0.12876120400000002,0.0004152050000000018,0.001838251000000013
blocks_world/5/4o/kb/kb_ll_correct_5_16.pl,0.11597003499999999,0.0004007389999999833,0.0018051099999999987
blocks_world/5/4o/kb/kb_ll_correct_5_16.pl,0.11579873899999998,0.0003973449999999934,0.001776426999999997
blocks_world/5/4o/kb/kb_ll_correct_5_16.pl,0.109001354,0.0003714450000000258,0.0016179639999999995
blocks_world/5/4o/kb/kb_ll_correct_5_16.pl,0.10408115099999998,0.0003691690000000025,0.0016461059999999805
blocks_world/5/4o/kb/kb_ll_correct_5_16.pl,0.11573401200000001,0.0004354029999999731,0.0019336279999999928
blocks_world/5/4o/kb/kb_ll_correct_5_16.pl,0.11438209199999999,0.0004119300000000048,0.0016604199999999958
blocks_world/5/4o/kb/kb_ll_correct_5_16.pl,0.10834337499999999,0.0004307009999999778,0.0017135989999999823
blocks_world/5/4o/kb/kb_ll_correct_5_16.pl,0.112759105,0.00040023299999999984,0.0017702410000000057
blocks_world/5/4o/kb/kb_ll_correct_5_16.pl,0.109087348,0.00035806899999998865,0.0016185369999999755
blocks_world/5/4o/kb/kb_ll_correct_5_16.pl,0.11075697999999999,0.00038560399999998385,0.001707894999999987
blocks_world/5/4o/kb/kb_ll_correct_5_16.pl,0.11761522899999999,0.00046332999999998403,0.001848132999999974
blocks_world/5/4o/kb/kb_ll_correct_5_16.pl,0.12262904999999999,0.00044438599999999107,0.0019286729999999919
blocks_world/5/4o/kb/kb_ll_correct_5_16.pl,0.12714040499999998,0.0005034819999999995,0.0019820430000000167
blocks_world/5/4o/kb/kb_ll_correct_5_16.pl,0.146789864,0.0005913419999999947,0.002245309000000001
blocks_world/5/4o/kb/kb_ll_correct_5_16.pl,0.15787251500000002,0.0005773000000000028,0.002347834000000021
blocks_world/5/4o/kb/kb_ll_correct_5_16.pl,0.14351111800000002,0.0005331289999999933,0.0022242869999999915
blocks_world/5/4o/kb/kb_ll_correct_5_16.pl,0.142943808,0.0005134890000000059,0.0021898379999999995
blocks_world/5/4o/kb/kb_ll_correct_5_16.pl,0.146212645,0.0005739409999999945,0.002196121000000023
blocks_world/5/4o/kb/kb_ll_correct_5_16.pl,0.143154841,0.0005747429999999887,0.0022414810000000174
blocks_world/5/4o/kb/kb_ll_correct_5_16.pl,0.144114205,0.0005323419999999912,0.002232140999999993
blocks_world/5/4o/kb/kb_ll_correct_5_16.pl,0.12722851899999998,0.0004911979999999982,0.0018861720000000193
blocks_world/5/4o/kb/kb_ll_correct_5_16.pl,0.130827555,0.0005290709999999921,0.002090005000000006
blocks_world/5/4o/kb/kb_ll_correct_5_16.pl,0.13816445900000002,0.00042938800000000277,0.001913973999999985
blocks_world/5/4o/kb/kb_ll_correct_5_16.pl,0.135513725,0.0005534529999999815,0.002224207000000006
blocks_world/5/4o/kb/kb_ll_correct_5_16.pl,0.143056435,0.0005403320000000045,0.002237138999999999
blocks_world/5/4o/kb/kb_ll_correct_5_16.pl,0.1381695,0.00045056900000001177,0.002010732000000015
blocks_world/5/4o/kb/kb_ll_correct_5_16.pl,0.131697854,0.0004874370000000072,0.0020612329999999957
blocks_world/5/4o/kb/kb_ll_correct_5_16.pl,0.149001099,0.0006100170000000182,0.0024168700000000154
blocks_world/5/4o/kb/kb_ll_correct_5_16.pl,0.155595899,0.0005842809999999921,0.0022227570000000196
blocks_world/5/4o/kb/kb_ll_correct_5_16.pl,0.17166948999999998,0.0006804269999999835,0.002535077999999996
blocks_world/5/4o/kb/kb_ll_correct_5_16.pl,0.164120348,0.0006029469999999926,0.002352892000000023
blocks_world/5/4o/kb/kb_ll_correct_5_16.pl,0.137209962,0.0005177329999999924,0.001993862000000013
blocks_world/5/4o/kb/kb_ll_correct_5_16.pl,0.135803375,0.0004976760000000024,0.002107751000000019
blocks_world/5/4o/kb/kb_ll_correct_5_16.pl,0.138730629,0.00047129100000001256,0.002326078999999981
blocks_world/5/4o/kb/kb_ll_correct_5_16.pl,0.125193253,0.0004461570000000026,0.001930926999999999
blocks_world/5/4o/kb/kb_ll_correct_5_16.pl,0.138577309,0.0004898580000000097,0.002234873999999998
blocks_world/5/4o/kb/kb_ll_correct_5_16.pl,0.14115455200000002,0.0005358400000000096,0.0020616810000000096
blocks_world/5/4o/kb/kb_ll_correct_5_16.pl,0.125256654,0.0004571490000000178,0.001992493000000012
blocks_world/5/4o/kb/kb_ll_correct_5_21.pl,0.22673609500000003,0.0005993139999999619,0.0020785799999999965
blocks_world/5/4o/kb/kb_ll_correct_5_21.pl,0.209302668,0.0005312230000000251,0.0018447870000000144
blocks_world/5/4o/kb/kb_ll_correct_5_21.pl,0.23494148599999998,0.000659758999999982,0.0021282490000000265
blocks_world/5/4o/kb/kb_ll_correct_5_21.pl,0.22947731000000002,0.0005538080000000445,0.0019256699999999904
blocks_world/5/4o/kb/kb_ll_correct_5_21.pl,0.20583458100000002,0.0004943359999999841,0.0018959340000000435
blocks_world/5/4o/kb/kb_ll_correct_5_21.pl,0.21112457,0.0005491320000000077,0.0019391780000000414
blocks_world/5/4o/kb/kb_ll_correct_5_21.pl,0.209360228,0.0005285859999999976,0.002048663999999978
blocks_world/5/4o/kb/kb_ll_correct_5_21.pl,0.23381319899999997,0.0005858569999999674,0.0019838629999999746
blocks_world/5/4o/kb/kb_ll_correct_5_21.pl,0.216384914,0.0005567389999999728,0.0019249199999999966
blocks_world/5/4o/kb/kb_ll_correct_5_21.pl,0.22406447000000002,0.0005647750000000173,0.0019786119999999907
blocks_world/5/4o/kb/kb_ll_correct_5_21.pl,0.215140438,0.0006022820000000095,0.0020779900000000295
blocks_world/5/4o/kb/kb_ll_correct_5_21.pl,0.24422425199999998,0.0005947760000000191,0.002041825999999969
blocks_world/5/4o/kb/kb_ll_correct_5_21.pl,0.23988164,0.0006528849999999919,0.00221416499999999
blocks_world/5/4o/kb/kb_ll_correct_5_21.pl,0.270292379,0.0006983090000000081,0.0024122619999999984
blocks_world/5/4o/kb/kb_ll_correct_5_21.pl,0.25291520700000003,0.0006679269999999571,0.0022028610000000004
blocks_world/5/4o/kb/kb_ll_correct_5_21.pl,0.258345372,0.0005937440000000072,0.002100166999999986
blocks_world/5/4o/kb/kb_ll_correct_5_21.pl,0.231179191,0.0006127049999999912,0.0020554210000000017
blocks_world/5/4o/kb/kb_ll_correct_5_21.pl,0.230188305,0.000552692999999993,0.0019032560000000198
blocks_world/5/4o/kb/kb_ll_correct_5_21.pl,0.21935217699999998,0.000638080999999957,0.0021521919999999972
blocks_world/5/4o/kb/kb_ll_correct_5_21.pl,0.23836672799999997,0.000563444000000024,0.0020418540000000096
blocks_world/5/4o/kb/kb_ll_correct_5_21.pl,0.21625686300000002,0.0005902599999999536,0.0019602469999999705
blocks_world/5/4o/kb/kb_ll_correct_5_21.pl,0.23039692300000003,0.0005743300000000118,0.002042610999999972
blocks_world/5/4o/kb/kb_ll_correct_5_21.pl,0.2282556,0.0006072119999999681,0.0022017720000000462
blocks_world/5/4o/kb/kb_ll_correct_5_21.pl,0.247425573,0.0005611219999999695,0.0019488469999999758
blocks_world/5/4o/kb/kb_ll_correct_5_21.pl,0.217237271,0.0005680750000000012,0.0019528229999999924
blocks_world/5/4o/kb/kb_ll_correct_5_21.pl,0.216799363,0.0005296630000000135,0.0019741469999999817
blocks_world/5/4o/kb/kb_ll_correct_5_21.pl,0.20983201899999998,0.0005782480000000034,0.0020690620000000104
blocks_world/5/4o/kb/kb_ll_correct_5_21.pl,0.229891196,0.000516387000000007,0.0019004200000000138
blocks_world/5/4o/kb/kb_ll_correct_5_21.pl,0.22427572700000004,0.000571747999999983,0.001995469999999999
blocks_world/5/4o/kb/kb_ll_correct_5_21.pl,0.21701341999999998,0.0005450860000000279,0.0018441020000000141
blocks_world/5/4o/kb/kb_ll_correct_5_21.pl,0.23099146999999998,0.000611034999999982,0.0021340749999999575
blocks_world/5/4o/kb/kb_ll_correct_5_21.pl,0.238447725,0.0006774929999999735,0.0023120180000000268
blocks_world/5/4o/kb/kb_ll_correct_5_21.pl,0.28117133,0.0007535190000000358,0.002628868999999978
blocks_world/5/4o/kb/kb_ll_correct_5_21.pl,0.270841591,0.0006579870000000265,0.002292676999999965
blocks_world/5/4o/kb/kb_ll_correct_5_21.pl,0.252051036,0.0006268020000000374,0.0021789170000000024
blocks_world/5/4o/kb/kb_ll_correct_5_21.pl,0.230923178,0.0005446749999999945,0.0018952760000000013
blocks_world/5/4o/kb/kb_ll_correct_5_21.pl,0.199914548,0.0005423969999999723,0.001857616999999978
blocks_world/5/4o/kb/kb_ll_correct_5_21.pl,0.215533471,0.0005541620000000247,0.0018908109999999922
blocks_world/5/4o/kb/kb_ll_correct_5_21.pl,0.20928866100000001,0.0005750619999999595,0.001944331999999993
blocks_world/5/4o/kb/kb_ll_correct_5_21.pl,0.23507976500000002,0.0005912999999999613,0.002077618999999975
blocks_world/5/4o/kb/kb_ll_correct_5_21.pl,0.223664598,0.0005779819999999769,0.0019848290000000213
blocks_world/5/4o/kb/kb_ll_correct_5_21.pl,0.23526631699999997,0.0006015699999999957,0.0021161459999999854
blocks_world/5/4o/kb/kb_ll_correct_5_21.pl,0.24625952299999998,0.0006616400000000189,0.0022642589999999907
blocks_world/5/4o/kb/kb_ll_correct_5_21.pl,0.28180381299999996,0.0006686639999999855,0.002301869000000012
blocks_world/5/4o/kb/kb_ll_correct_5_21.pl,0.24499497600000003,0.0006209930000000141,0.0020695150000000218
blocks_world/5/4o/kb/kb_ll_correct_5_21.pl,0.23410198599999998,0.0005286449999999943,0.0019001050000000408
blocks_world/5/4o/kb/kb_ll_correct_5_21.pl,0.200556758,0.0005096040000000246,0.0018891780000000191
blocks_world/5/4o/kb/kb_ll_correct_5_21.pl,0.22259241000000002,0.0006025359999999869,0.0021509780000000256
blocks_world/5/4o/kb/kb_ll_correct_5_21.pl,0.228363393,0.0005992660000000427,0.0020290519999999757
blocks_world/5/4o/kb/kb_ll_correct_5_21.pl,0.231782122,0.0005838539999999948,0.0020238650000000136
blocks_world/5/4o/kb/kb_ll_correct_10_11.pl,0.868617179,0.000435112999999987,0.0021728810000000154
blocks_world/5/4o/kb/kb_ll_correct_10_11.pl,0.84940261,0.0004293669999999583,0.0022531709999999983
blocks_world/5/4o/kb/kb_ll_correct_10_11.pl,0.754917921,0.00036292299999995947,0.0019234909999999994
blocks_world/5/4o/kb/kb_ll_correct_10_11.pl,0.869440667,0.00041169699999998866,0.002122047999999932
blocks_world/5/4o/kb/kb_ll_correct_10_11.pl,0.938919697,0.0005037690000000428,0.0021012970000000575
blocks_world/5/4o/kb/kb_ll_correct_10_11.pl,0.802108337,0.00034741500000001757,0.001893317000000061
blocks_world/5/4o/kb/kb_ll_correct_10_11.pl,0.770930628,0.00038428999999995384,0.0019614749999999903
blocks_world/5/4o/kb/kb_ll_correct_10_11.pl,0.774615871,0.00029674400000001544,0.0015754609999999447
blocks_world/5/4o/kb/kb_ll_correct_10_11.pl,0.724296904,0.0003525400000000678,0.001791278999999979
blocks_world/5/4o/kb/kb_ll_correct_10_11.pl,0.765428712,0.00034262200000001464,0.0017749780000000381
blocks_world/5/4o/kb/kb_ll_correct_10_11.pl,0.9189990299999999,0.00043827499999993247,0.0022135290000000474
blocks_world/5/4o/kb/kb_ll_correct_10_11.pl,0.824433415,0.00035835699999997583,0.0018526970000000142
blocks_world/5/4o/kb/kb_ll_correct_10_11.pl,0.7711177039999999,0.0003459380000000456,0.0017875299999999816
blocks_world/5/4o/kb/kb_ll_correct_10_11.pl,0.88021381,0.0005350960000000127,0.002452483999999977
blocks_world/5/4o/kb/kb_ll_correct_10_11.pl,0.890917547,0.0003720149999999478,0.001947243000000043
blocks_world/5/4o/kb/kb_ll_correct_10_11.pl,0.820653791,0.00037020600000003956,0.0019238860000000413
blocks_world/5/4o/kb/kb_ll_correct_10_11.pl,0.855027373,0.00046905699999999495,0.0023443269999999794
blocks_world/5/4o/kb/kb_ll_correct_10_11.pl,0.74164112,0.00027496399999993315,0.0014433899999999333
blocks_world/5/4o/kb/kb_ll_correct_10_11.pl,0.713149756,0.0003281280000000386,0.0017185309999999676
blocks_world/5/4o/kb/kb_ll_correct_10_11.pl,0.7143283469999999,0.0003465860000000376,0.0018331109999999429
blocks_world/5/4o/kb/kb_ll_correct_10_11.pl,0.896960525,0.00043281699999997425,0.0022257239999999845
blocks_world/5/4o/kb/kb_ll_correct_10_11.pl,0.8744149090000001,0.00034883700000010176,0.0018266580000000365
blocks_world/5/4o/kb/kb_ll_correct_10_11.pl,0.832158915,0.0004229700000000225,0.0020814239999999984
blocks_world/5/4o/kb/kb_ll_correct_10_11.pl,0.9965189589999999,0.0004736560000000445,0.0024237049999999982
blocks_world/5/4o/kb/kb_ll_correct_10_11.pl,0.850226234,0.0003804939999999535,0.0019605469999999237
blocks_world/5/4o/kb/kb_ll_correct_10_11.pl,0.8512907789999999,0.0003798539999999573,0.00194478500000006
blocks_world/5/4o/kb/kb_ll_correct_10_11.pl,0.929852511,0.0004582379999999997,0.0023466250000000466
blocks_world/5/4o/kb/kb_ll_correct_10_11.pl,0.8913733389999999,0.00038287500000000474,0.002022200000000085
blocks_world/5/4o/kb/kb_ll_correct_10_11.pl,0.84473486,0.0003976890000000344,0.0021025239999999945
blocks_world/5/4o/kb/kb_ll_correct_10_11.pl,0.899711059,0.00046242500000004405,0.0023300670000000467
blocks_world/5/4o/kb/kb_ll_correct_10_11.pl,0.873540163,0.00036527400000008203,0.0019579269999999704
blocks_world/5/4o/kb/kb_ll_correct_10_11.pl,0.8592846270000001,0.000396532000000005,0.002188276999999905
blocks_world/5/4o/kb/kb_ll_correct_10_11.pl,0.896164081,0.0004763679999999493,0.0022201599999999155
blocks_world/5/4o/kb/kb_ll_correct_10_11.pl,0.742676738,0.0002868860000000417,0.0014716150000000372
blocks_world/5/4o/kb/kb_ll_correct_10_11.pl,0.6933297140000001,0.0003282079999999965,0.0017233690000000301
blocks_world/5/4o/kb/kb_ll_correct_10_11.pl,0.725330718,0.0003765740000000184,0.001965773000000004
blocks_world/5/4o/kb/kb_ll_correct_10_11.pl,0.949466908,0.0004416869999999129,0.0022953269999999026
blocks_world/5/4o/kb/kb_ll_correct_10_11.pl,0.8408130629999999,0.0003615729999999484,0.00188783299999995
blocks_world/5/4o/kb/kb_ll_correct_10_11.pl,0.820078555,0.00035947400000002627,0.0019464700000000335
blocks_world/5/4o/kb/kb_ll_correct_10_11.pl,0.858290027,0.00038616000000002426,0.0020250649999999926
blocks_world/5/4o/kb/kb_ll_correct_10_11.pl,0.825927018,0.0003621699999999395,0.0018924780000000307
blocks_world/5/4o/kb/kb_ll_correct_10_11.pl,0.8239719839999999,0.00035689999999999333,0.0017550680000000263
blocks_world/5/4o/kb/kb_ll_correct_10_11.pl,0.840836295,0.00044675000000005127,0.0023650749999999388
blocks_world/5/4o/kb/kb_ll_correct_10_11.pl,0.821240171,0.000355247000000003,0.0018526519999999547
blocks_world/5/4o/kb/kb_ll_correct_10_11.pl,0.8092243229999999,0.000359066000000019,0.001881480000000102
blocks_world/5/4o/kb/kb_ll_correct_10_11.pl,0.872436164,0.0004392520000000566,0.002299926000000063
blocks_world/5/4o/kb/kb_ll_correct_10_11.pl,0.886646068,0.00046976799999998153,0.00186181299999999
blocks_world/5/4o/kb/kb_ll_correct_10_11.pl,0.76339202,0.0004408980000000229,0.002125677999999964
blocks_world/5/4o/kb/kb_ll_correct_10_11.pl,0.7825985089999999,0.000409787999999911,0.001995259999999943
blocks_world/5/4o/kb/kb_ll_correct_10_11.pl,0.8979453439999999,0.00035501900000001196,0.00184666
blocks_world/5/4o/kb/kb_ll_correct_10_16.pl,1.684891887,0.00043013499999999816,0.0018970149999999464
blocks_world/5/4o/kb/kb_ll_correct_10_16.pl,1.7873375870000001,0.00043201500000011883,0.0018888809999999534
blocks_world/5/4o/kb/kb_ll_correct_10_16.pl,1.747368487,0.0005804369999999892,0.0023503789999996805
blocks_world/5/4o/kb/kb_ll_correct_10_16.pl,1.784697022,0.00044467099999989657,0.0017875379999998664
blocks_world/5/4o/kb/kb_ll_correct_10_16.pl,1.655371581,0.00040021700000014704,0.001816115000000007
blocks_world/5/4o/kb/kb_ll_correct_10_16.pl,1.4502682299999998,0.0004386709999999461,0.001952074999999942
blocks_world/5/4o/kb/kb_ll_correct_10_16.pl,1.880125016,0.0004366929999999325,0.0018368509999999727
blocks_world/5/4o/kb/kb_ll_correct_10_16.pl,1.875585651,0.00046414200000022277,0.0020105720000000993
blocks_world/5/4o/kb/kb_ll_correct_10_16.pl,1.6921953669999998,0.0005287030000000748,0.0020454529999998083
blocks_world/5/4o/kb/kb_ll_correct_10_16.pl,1.963643206,0.00048363600000023155,0.0021222669999998445
blocks_world/5/4o/kb/kb_ll_correct_10_16.pl,1.998571446,0.0004814830000001713,0.0021667659999997646
blocks_world/5/4o/kb/kb_ll_correct_10_16.pl,1.740481871,0.0004074859999998459,0.0017191119999999671
blocks_world/5/4o/kb/kb_ll_correct_10_16.pl,1.712866911,0.0003958889999999826,0.0016632659999999966
blocks_world/5/4o/kb/kb_ll_correct_10_16.pl,1.604294674,0.0006092550000000863,0.0024577309999997965
blocks_world/5/4o/kb/kb_ll_correct_10_16.pl,1.7824456380000002,0.0004958070000000703,0.002110255000000061
blocks_world/5/4o/kb/kb_ll_correct_10_16.pl,1.9517975509999999,0.00039730599999998617,0.0017482120000003043
blocks_world/5/4o/kb/kb_ll_correct_10_16.pl,1.7356002110000002,0.0005616550000000498,0.002277165000000192
blocks_world/5/4o/kb/kb_ll_correct_10_16.pl,1.843371606,0.0004166160000000918,0.0017923330000000348
blocks_world/5/4o/kb/kb_ll_correct_10_16.pl,1.868572958,0.000439539999999905,0.001780209000000088
blocks_world/5/4o/kb/kb_ll_correct_10_16.pl,1.639566702,0.0004401679999999075,0.0018310199999997945
blocks_world/5/4o/kb/kb_ll_correct_10_16.pl,1.830304038,0.00047066999999989534,0.0019840269999997773
blocks_world/5/4o/kb/kb_ll_correct_10_16.pl,1.830517223,0.0005517719999998949,0.002150224999999839
blocks_world/5/4o/kb/kb_ll_correct_10_16.pl,1.871350032,0.00045574399999992465,0.0018146320000000937
blocks_world/5/4o/kb/kb_ll_correct_10_16.pl,1.9207779649999999,0.00049229999999989,0.0020541949999999254
blocks_world/5/4o/kb/kb_ll_correct_10_16.pl,1.772430285,0.000383539999999849,0.0016964910000001332
blocks_world/5/4o/kb/kb_ll_correct_10_16.pl,1.4560078520000002,0.0004206589999999899,0.0018656889999997261
blocks_world/5/4o/kb/kb_ll_correct_10_16.pl,1.890371454,0.00040615800000010083,0.0017950970000000233
blocks_world/5/4o/kb/kb_ll_correct_10_16.pl,1.7484078410000001,0.0006201270000001369,0.002452415000000041
blocks_world/5/4o/kb/kb_ll_correct_10_16.pl,1.83957818,0.0004699850000000616,0.002039188999999997
blocks_world/5/4o/kb/kb_ll_correct_10_16.pl,1.976152476,0.0004694649999996692,0.0020333619999997055
blocks_world/5/4o/kb/kb_ll_correct_10_16.pl,1.780439534,0.0005535580000000095,0.0021781949999999384
blocks_world/5/4o/kb/kb_ll_correct_10_16.pl,2.131227939,0.0004787170000000174,0.0020045769999996743
blocks_world/5/4o/kb/kb_ll_correct_10_16.pl,1.686385093,0.00040014699999990633,0.0017484150000000032
blocks_world/5/4o/kb/kb_ll_correct_10_16.pl,1.575005569,0.0004631050000001302,0.0018584740000000544
blocks_world/5/4o/kb/kb_ll_correct_10_16.pl,1.86138801,0.0005294700000000319,0.002065634999999899
blocks_world/5/4o/kb/kb_ll_correct_10_16.pl,1.8898198700000002,0.00046461500000005707,0.0020382809999999196
blocks_world/5/4o/kb/kb_ll_correct_10_16.pl,1.6843411520000002,0.00042256499999981934,0.001874076999999863
blocks_world/5/4o/kb/kb_ll_correct_10_16.pl,1.814859603,0.00039839800000018855,0.0017098399999999625
blocks_world/5/4o/kb/kb_ll_correct_10_16.pl,1.908739776,0.0004383229999997962,0.001902188999999943
blocks_world/5/4o/kb/kb_ll_correct_10_16.pl,1.720756713,0.0004104220000000769,0.0018627170000000692
blocks_world/5/4o/kb/kb_ll_correct_10_16.pl,1.8198752200000001,0.0004168060000000473,0.00172816599999992
blocks_world/5/4o/kb/kb_ll_correct_10_16.pl,1.625580342,0.0006029450000000214,0.0022093990000000563
blocks_world/5/4o/kb/kb_ll_correct_10_16.pl,1.788637797,0.00044567500000014526,0.0019170390000000648
blocks_world/5/4o/kb/kb_ll_correct_10_16.pl,1.7859205349999998,0.0004181329999999317,0.0018504399999998977
blocks_world/5/4o/kb/kb_ll_correct_10_16.pl,1.7713527240000002,0.0008793840000000941,0.0029428420000001676
blocks_world/5/4o/kb/kb_ll_correct_10_16.pl,1.8554570959999999,0.0004961919999999509,0.001935717000000059
blocks_world/5/4o/kb/kb_ll_correct_10_16.pl,1.965282665,0.0004735259999999464,0.001983640999999814
blocks_world/5/4o/kb/kb_ll_correct_10_16.pl,1.812400901,0.0005705689999999652,0.002349700000000121
blocks_world/5/4o/kb/kb_ll_correct_10_16.pl,1.661956774,0.0003566919999999918,0.001469310000000057
blocks_world/5/4o/kb/kb_ll_correct_10_16.pl,1.717102332,0.0005809079999998801,0.002292164999999846
blocks_world/5/4o/kb/kb_ll_correct_10_21.pl,3.231800097,0.0006292330000001733,0.0020584260000000576
blocks_world/5/4o/kb/kb_ll_correct_10_21.pl,3.185169661,0.0006154120000001484,0.00199691099999999
blocks_world/5/4o/kb/kb_ll_correct_10_21.pl,3.2467100660000003,0.0005545459999996005,0.0020541139999998848
blocks_world/5/4o/kb/kb_ll_correct_10_21.pl,3.15952377,0.00046448599999981965,0.001681334999999784
blocks_world/5/4o/kb/kb_ll_correct_10_21.pl,3.064192231,0.0005904159999996494,0.001988089999999776
blocks_world/5/4o/kb/kb_ll_correct_10_21.pl,3.11809883,0.0005152139999999861,0.0017832449999999334
blocks_world/5/4o/kb/kb_ll_correct_10_21.pl,3.144958678,0.000595441999999835,0.002079681000000111
blocks_world/5/4o/kb/kb_ll_correct_10_21.pl,3.240095729,0.0006290890000002491,0.00220401800000003
blocks_world/5/4o/kb/kb_ll_correct_10_21.pl,3.205378466,0.0005470220000001191,0.001992787999999912
blocks_world/5/4o/kb/kb_ll_correct_10_21.pl,3.3546296719999997,0.0005528079999996827,0.0019388869999996672
blocks_world/5/4o/kb/kb_ll_correct_10_21.pl,2.9910089429999998,0.0004603770000000118,0.001726349000000127
blocks_world/5/4o/kb/kb_ll_correct_10_21.pl,2.978312238,0.0004676160000003371,0.0016885669999999742
blocks_world/5/4o/kb/kb_ll_correct_10_21.pl,3.054377763,0.0006176870000000889,0.0021938839999999793
blocks_world/5/4o/kb/kb_ll_correct_10_21.pl,3.176643013,0.0005743390000003679,0.0019710270000001806
blocks_world/5/4o/kb/kb_ll_correct_10_21.pl,3.080492243,0.0005427339999997116,0.0019349559999999322
blocks_world/5/4o/kb/kb_ll_correct_10_21.pl,2.880182525,0.0005514619999997805,0.001982631000000179
blocks_world/5/4o/kb/kb_ll_correct_10_21.pl,3.190679882,0.000579924000000176,0.0019900489999997717
blocks_world/5/4o/kb/kb_ll_correct_10_21.pl,3.275195941,0.0007478199999999546,0.0026005080000000014
blocks_world/5/4o/kb/kb_ll_correct_10_21.pl,3.372944092,0.0006392060000002253,0.0021611240000001253
blocks_world/5/4o/kb/kb_ll_correct_10_21.pl,3.070485053,0.00040542200000004414,0.0015568689999998497
blocks_world/5/4o/kb/kb_ll_correct_10_21.pl,2.514431762,0.0004346129999999171,0.0016103250000001346
blocks_world/5/4o/kb/kb_ll_correct_10_21.pl,2.5251318400000002,0.00045276100000002373,0.00169770800000002
blocks_world/5/4o/kb/kb_ll_correct_10_21.pl,2.543884426,0.00047912200000022054,0.0017665590000000009
blocks_world/5/4o/kb/kb_ll_correct_10_21.pl,2.584259773,0.00048761700000010677,0.0017923209999999301
blocks_world/5/4o/kb/kb_ll_correct_10_21.pl,2.528434465,0.0005289570000002186,0.001757451000000021
blocks_world/5/4o/kb/kb_ll_correct_10_21.pl,2.485008332,0.0004912500000000541,0.00172536400000034
blocks_world/5/4o/kb/kb_ll_correct_10_21.pl,2.507996874,0.0004892550000001883,0.0016482030000002368
blocks_world/5/4o/kb/kb_ll_correct_10_21.pl,2.562118388,0.0004472670000001955,0.0016257520000002579
blocks_world/5/4o/kb/kb_ll_correct_10_21.pl,2.524429467,0.00041371599999973085,0.0015268850000000889
blocks_world/5/4o/kb/kb_ll_correct_10_21.pl,2.3775994049999998,0.0003623270000003842,0.0013782760000000671
blocks_world/5/4o/kb/kb_ll_correct_10_21.pl,2.4458789170000004,0.0004099919999998036,0.0015511680000002137
blocks_world/5/4o/kb/kb_ll_correct_10_21.pl,2.510726746,0.0004320670000002025,0.0015039329999999573
blocks_world/5/4o/kb/kb_ll_correct_10_21.pl,2.470463913,0.000371066000000031,0.0013957069999999128
blocks_world/5/4o/kb/kb_ll_correct_10_21.pl,2.3806312409999997,0.0005377339999999009,0.001825458000000335
blocks_world/5/4o/kb/kb_ll_correct_10_21.pl,2.5113332799999997,0.0005535260000000264,0.0018737750000004105
blocks_world/5/4o/kb/kb_ll_correct_10_21.pl,2.464260529,0.0005047529999999689,0.001785712000000217
blocks_world/5/4o/kb/kb_ll_correct_10_21.pl,2.3293595700000003,0.00043692200000000625,0.0014825090000001317
blocks_world/5/4o/kb/kb_ll_correct_10_21.pl,2.512278802,0.0004056170000001913,0.0015195299999999357
blocks_world/5/4o/kb/kb_ll_correct_10_21.pl,2.506344717,0.0004014799999998431,0.001493164999999852
blocks_world/5/4o/kb/kb_ll_correct_10_21.pl,2.385252455,0.0003637940000000839,0.0014070310000002806
blocks_world/5/4o/kb/kb_ll_correct_10_21.pl,2.456009593,0.00041357200000025074,0.001498193000000203
blocks_world/5/4o/kb/kb_ll_correct_10_21.pl,2.541713028,0.0004357360000000199,0.0016464219999998697
blocks_world/5/4o/kb/kb_ll_correct_10_21.pl,2.5573120879999998,0.00044979499999975303,0.0017046600000001355
blocks_world/5/4o/kb/kb_ll_correct_10_21.pl,2.50653815,0.0004596860000001257,0.0017539009999998356
blocks_world/5/4o/kb/kb_ll_correct_10_21.pl,2.513065755,0.0004717779999996452,0.001804148000000172
blocks_world/5/4o/kb/kb_ll_correct_10_21.pl,2.473581626,0.00045489700000000965,0.0017454479999998718
blocks_world/5/4o/kb/kb_ll_correct_10_21.pl,2.504771911,0.0004145859999997725,0.0015976200000000773
blocks_world/5/4o/kb/kb_ll_correct_10_21.pl,2.544840124,0.0004889180000002824,0.0016932999999998977
blocks_world/5/4o/kb/kb_ll_correct_10_21.pl,2.547947032,0.00046052900000015384,0.0016564799999998492
blocks_world/5/4o/kb/kb_ll_correct_10_21.pl,2.500948192,0.00042391899999971727,0.0015851239999999933
blocks_world/5/4o/kb/kb_ll_correct_15_16.pl,7.225000701000001,0.00036067599999967115,0.0016058160000005373
blocks_world/5/4o/kb/kb_ll_correct_15_16.pl,7.150806446,0.0003491609999999312,0.001516771000000361
blocks_world/5/4o/kb/kb_ll_correct_15_16.pl,7.2471159069999995,0.00034630200000052014,0.001568563999999384
blocks_world/5/4o/kb/kb_ll_correct_15_16.pl,7.196192955,0.000402599000000059,0.0017568350000001232
blocks_world/5/4o/kb/kb_ll_correct_15_16.pl,7.0674018709999995,0.00037743999999939604,0.0016691309999998794
blocks_world/5/4o/kb/kb_ll_correct_15_16.pl,7.4000740369999995,0.0003807709999996689,0.0016806650000003032
blocks_world/5/4o/kb/kb_ll_correct_15_16.pl,6.881686115,0.00037293200000032556,0.0016193809999993647
blocks_world/5/4o/kb/kb_ll_correct_15_16.pl,7.037639167,0.00038837000000047084,0.0016636600000001778
blocks_world/5/4o/kb/kb_ll_correct_15_16.pl,7.084299272,0.00036976699999957674,0.0016401850000002938
blocks_world/5/4o/kb/kb_ll_correct_15_16.pl,8.165191171,0.0006556959999990397,0.0025406189999994666
blocks_world/5/4o/kb/kb_ll_correct_15_16.pl,8.077374172999999,0.00034584999999864863,0.0015587620000001579
blocks_world/5/4o/kb/kb_ll_correct_15_16.pl,7.814861474,0.0004122920000000363,0.0017940679999997045
blocks_world/5/4o/kb/kb_ll_correct_15_16.pl,7.226776756,0.0003472399999999709,0.0015323459999994071
blocks_world/5/4o/kb/kb_ll_correct_15_16.pl,7.3150246039999995,0.0003512959999998344,0.001582604999999404
blocks_world/5/4o/kb/kb_ll_correct_15_16.pl,6.886416743,0.0003382380000003238,0.0014753580000004263
blocks_world/5/4o/kb/kb_ll_correct_15_16.pl,7.094872463,0.0003291350000003135,0.0013516349999997956
blocks_world/5/4o/kb/kb_ll_correct_15_16.pl,7.010156629,0.0004132900000000106,0.001562836999999817
blocks_world/5/4o/kb/kb_ll_correct_15_16.pl,6.990032376,0.00043333799999967226,0.0019080080000000166
blocks_world/5/4o/kb/kb_ll_correct_15_16.pl,7.069654976,0.0003952490000003195,0.001731734999999901
blocks_world/5/4o/kb/kb_ll_correct_15_16.pl,7.256139833,0.0003892160000003031,0.0016863959999993128
blocks_world/5/4o/kb/kb_ll_correct_15_16.pl,7.120236029,0.00043135099999958015,0.0019655399999995993
blocks_world/5/4o/kb/kb_ll_correct_15_16.pl,7.138366326000001,0.00035596000000026606,0.0015776870000001608
blocks_world/5/4o/kb/kb_ll_correct_15_16.pl,7.473861128,0.00035179999999979117,0.0015233569999999474
blocks_world/5/4o/kb/kb_ll_correct_15_16.pl,7.105798518,0.0003855630000000332,0.0016423819999999978
blocks_world/5/4o/kb/kb_ll_correct_15_16.pl,7.130851482,0.00030694300000000396,0.0013434690000000415
blocks_world/5/4o/kb/kb_ll_correct_15_16.pl,6.958481875,0.0003897559999996858,0.0017131999999993042
blocks_world/5/4o/kb/kb_ll_correct_15_16.pl,7.130023286,0.00044686100000035367,0.001522479000000132
blocks_world/5/4o/kb/kb_ll_correct_15_16.pl,7.175491088,0.00042073499999961683,0.0019081100000004625
blocks_world/5/4o/kb/kb_ll_correct_15_16.pl,7.263732682,0.0003971809999994136,0.0020231360000000365
blocks_world/5/4o/kb/kb_ll_correct_15_16.pl,7.2002136960000005,0.0004434099999999219,0.0017837469999992805
blocks_world/5/4o/kb/kb_ll_correct_15_16.pl,7.185978339,0.0003588979999999964,0.0015837989999996083
blocks_world/5/4o/kb/kb_ll_correct_15_16.pl,7.269539668,0.0003486529999996435,0.0015401490000002127
blocks_world/5/4o/kb/kb_ll_correct_15_16.pl,6.882883158,0.00038445299999967375,0.0016790999999996004
blocks_world/5/4o/kb/kb_ll_correct_15_16.pl,7.230034216,0.00032112400000006147,0.0014447410000002492
blocks_world/5/4o/kb/kb_ll_correct_15_16.pl,6.955507475,0.0004207979999995004,0.0018119940000005386
blocks_world/5/4o/kb/kb_ll_correct_15_16.pl,7.157746699,0.00034542700000006477,0.0015213249999996847
blocks_world/5/4o/kb/kb_ll_correct_15_16.pl,7.227366041,0.00042471599999949206,0.0018867019999992962
blocks_world/5/4o/kb/kb_ll_correct_15_16.pl,7.101587352,0.00035276199999945135,0.0015023239999996107
blocks_world/5/4o/kb/kb_ll_correct_15_16.pl,7.239282663,0.0003729329999995201,0.0016303600000000529
blocks_world/5/4o/kb/kb_ll_correct_15_16.pl,6.9337175449999995,0.0003538699999996453,0.0015355970000001662
blocks_world/5/4o/kb/kb_ll_correct_15_16.pl,7.219775078,0.00036210399999969667,0.0015648510000003668
blocks_world/5/4o/kb/kb_ll_correct_15_16.pl,7.354276851,0.0003788219999991682,0.0016493269999999782
blocks_world/5/4o/kb/kb_ll_correct_15_16.pl,7.2112853050000005,0.0003588209999998426,0.0016180530000005078
blocks_world/5/4o/kb/kb_ll_correct_15_16.pl,7.1627338080000005,0.00045300900000011524,0.0018298800000007276
blocks_world/5/4o/kb/kb_ll_correct_15_16.pl,7.100797423,0.00031724500000063216,0.0013863579999995324
blocks_world/5/4o/kb/kb_ll_correct_15_16.pl,7.078344694999999,0.00040354400000008894,0.0017492609999996134
blocks_world/5/4o/kb/kb_ll_correct_15_16.pl,6.911299972,0.000351584000000571,0.001558561999999597
blocks_world/5/4o/kb/kb_ll_correct_15_16.pl,6.978929322,0.0004427989999999937,0.0019767760000002355
blocks_world/5/4o/kb/kb_ll_correct_15_16.pl,7.155776092,0.0003545000000002574,0.001583401999999623
blocks_world/5/4o/kb/kb_ll_correct_15_16.pl,7.235245312,0.0003725890000003673,0.0016356130000003688
blocks_world/5/4o/kb/kb_ll_correct_15_21.pl,12.451696859999998,0.00041303399999925716,0.0015507729999999498
blocks_world/5/4o/kb/kb_ll_correct_15_21.pl,12.283735402,0.00045911800000020264,0.0017722560000006382
blocks_world/5/4o/kb/kb_ll_correct_15_21.pl,12.248705660999999,0.0004060560000009872,0.0015500789999993714
blocks_world/5/4o/kb/kb_ll_correct_15_21.pl,12.149419630999999,0.00040787299999855975,0.0015995100000001372
blocks_world/5/4o/kb/kb_ll_correct_15_21.pl,12.444145565,0.0005421359999999709,0.0018533699999991882
blocks_world/5/4o/kb/kb_ll_correct_15_21.pl,12.071816845999999,0.00045586599999936084,0.0015787060000000963
blocks_world/5/4o/kb/kb_ll_correct_15_21.pl,11.89850575,0.0003661909999994606,0.0014095429999994025
blocks_world/5/4o/kb/kb_ll_correct_15_21.pl,12.223952516999999,0.0005010960000007003,0.0016880229999998164
blocks_world/5/4o/kb/kb_ll_correct_15_21.pl,12.194240024,0.00046725400000013906,0.0015788690000011485
blocks_world/5/4o/kb/kb_ll_correct_15_21.pl,12.365226885999999,0.0004008080000001968,0.0015195289999994088
blocks_world/5/4o/kb/kb_ll_correct_15_21.pl,12.515888301,0.0004347109999986998,0.0015911270000010802
blocks_world/5/4o/kb/kb_ll_correct_15_21.pl,12.450313154,0.000450038000000319,0.0015048389999989809
blocks_world/5/4o/kb/kb_ll_correct_15_21.pl,11.976505425,0.0005829550000004957,0.002012922000000472
blocks_world/5/4o/kb/kb_ll_correct_15_21.pl,12.603450655,0.00044989699999931076,0.0014941340000014236
blocks_world/5/4o/kb/kb_ll_correct_15_21.pl,12.378748195,0.0005365589999986042,0.0018397960000005043
blocks_world/5/4o/kb/kb_ll_correct_15_21.pl,12.710070681,0.0004967199999992289,0.0017267530000015796
blocks_world/5/4o/kb/kb_ll_correct_15_21.pl,12.364424559000001,0.0005319449999987569,0.0018208039999993986
blocks_world/5/4o/kb/kb_ll_correct_15_21.pl,12.384627395,0.00044068299999899807,0.0016252660000013464
blocks_world/5/4o/kb/kb_ll_correct_15_21.pl,12.095089779,0.00044449200000151734,0.0015765750000014123
blocks_world/5/4o/kb/kb_ll_correct_15_21.pl,12.469860163,0.0004865839999990129,0.001719408999999672
blocks_world/5/4o/kb/kb_ll_correct_15_21.pl,12.170548784,0.0004298990000002334,0.001616805999999471
blocks_world/5/4o/kb/kb_ll_correct_15_21.pl,12.174580748,0.0004710110000001322,0.0016963160000003086
blocks_world/5/4o/kb/kb_ll_correct_15_21.pl,12.021514734,0.00040308700000046827,0.0015084030000007687
blocks_world/5/4o/kb/kb_ll_correct_15_21.pl,12.119084878,0.0004270269999988585,0.0015750549999999919
blocks_world/5/4o/kb/kb_ll_correct_15_21.pl,12.513961437999999,0.0004440129999991882,0.0017002300000008574
blocks_world/5/4o/kb/kb_ll_correct_15_21.pl,13.140771869000002,0.0005240920000009197,0.0019368110000002048
blocks_world/5/4o/kb/kb_ll_correct_15_21.pl,12.471887534999999,0.0004287359999999296,0.0015205410000014297
blocks_world/5/4o/kb/kb_ll_correct_15_21.pl,12.353455057,0.0004967279999998908,0.001663900999998802
blocks_world/5/4o/kb/kb_ll_correct_15_21.pl,12.564726799,0.0003986729999994054,0.0015174179999988269
blocks_world/5/4o/kb/kb_ll_correct_15_21.pl,11.841695557,0.00040671899999900063,0.0015290249999999617
blocks_world/5/4o/kb/kb_ll_correct_15_21.pl,12.010091377,0.00042227199999977927,0.001570787000000351
blocks_world/5/4o/kb/kb_ll_correct_15_21.pl,12.559236586,0.000438482999999934,0.0016185960000001387
blocks_world/5/4o/kb/kb_ll_correct_15_21.pl,12.510212024000001,0.0004214420000003827,0.0015545500000015977
blocks_world/5/4o/kb/kb_ll_correct_15_21.pl,12.115833818,0.0004866510000010038,0.0017529449999997837
blocks_world/5/4o/kb/kb_ll_correct_15_21.pl,12.877599684,0.00040193300000090915,0.0015325769999989802
blocks_world/5/4o/kb/kb_ll_correct_15_21.pl,12.466463164,0.0004715900000000772,0.00176188799999899
blocks_world/5/4o/kb/kb_ll_correct_15_21.pl,12.446461167,0.0004090500000000219,0.0015305140000005935
blocks_world/5/4o/kb/kb_ll_correct_15_21.pl,12.428849551999999,0.0004989039999987455,0.001831738999999999
blocks_world/5/4o/kb/kb_ll_correct_15_21.pl,12.458671885,0.0003689130000008589,0.001359305000001143
blocks_world/5/4o/kb/kb_ll_correct_15_21.pl,12.187419887999999,0.00045652399999873694,0.0017094820000007616
blocks_world/5/4o/kb/kb_ll_correct_15_21.pl,12.481877562,0.00039550500000018474,0.0014854369999994788
blocks_world/5/4o/kb/kb_ll_correct_15_21.pl,12.494853271,0.0004226809999998693,0.001582371000001359
blocks_world/5/4o/kb/kb_ll_correct_15_21.pl,12.62871083,0.00047820100000173227,0.0015905049999993537
blocks_world/5/4o/kb/kb_ll_correct_15_21.pl,12.452118904,0.00041458699999985527,0.0016090499999990016
blocks_world/5/4o/kb/kb_ll_correct_15_21.pl,12.28595722,0.0004938870000010809,0.0018061469999999247
blocks_world/5/4o/kb/kb_ll_correct_15_21.pl,12.070021425999998,0.00043709500000055357,0.0016379470000007501
blocks_world/5/4o/kb/kb_ll_correct_15_21.pl,12.024344450000001,0.0004029249999994988,0.0015298080000007985
blocks_world/5/4o/kb/kb_ll_correct_15_21.pl,12.371104856999999,0.00046835699999903113,0.00167663700000098
blocks_world/5/4o/kb/kb_ll_correct_15_21.pl,12.529181707000001,0.0004022450000000788,0.0015492639999994395
blocks_world/5/4o/kb/kb_ll_correct_15_21.pl,12.446615546999999,0.00042876100000022177,0.0016638239999995363
blocks_world/5/4o/kb/kb_ll_correct_20_21.pl,38.920656206000004,0.000566087999999354,0.001939122999999654
blocks_world/5/4o/kb/kb_ll_correct_20_21.pl,38.740208094,0.0005126180000019076,0.0015937900000011496
blocks_world/5/4o/kb/kb_ll_correct_20_21.pl,38.214722368,0.000456905999996593,0.0015872900000033496
blocks_world/5/4o/kb/kb_ll_correct_20_21.pl,38.610844828000005,0.0004702939999958744,0.0016838969999994902
blocks_world/5/4o/kb/kb_ll_correct_20_21.pl,39.603161783000004,0.00036815300000370144,0.00146222600000101
blocks_world/5/4o/kb/kb_ll_correct_20_21.pl,37.916308552,0.0004698340000004464,0.0016148610000001895
blocks_world/5/4o/kb/kb_ll_correct_20_21.pl,38.208046773,0.0004711350000050629,0.0016710709999969708
blocks_world/5/4o/kb/kb_ll_correct_20_21.pl,38.652881798,0.00043046500000087917,0.0016243489999965277
blocks_world/5/4o/kb/kb_ll_correct_20_21.pl,38.510125236,0.00045838999999858743,0.0016833970000007525
blocks_world/5/4o/kb/kb_ll_correct_20_21.pl,38.61015388,0.00043875800000137133,0.0016379280000009544
blocks_world/5/4o/kb/kb_ll_correct_20_21.pl,38.367244664,0.0004105719999998314,0.0014939130000044543
blocks_world/5/4o/kb/kb_ll_correct_20_21.pl,38.662160555999996,0.0004398159999965401,0.001610648999999853
blocks_world/5/4o/kb/kb_ll_correct_20_21.pl,38.762259131,0.00044978199999690105,0.0016221180000002278
blocks_world/5/4o/kb/kb_ll_correct_20_21.pl,39.444985405,0.0004668509999987691,0.0016107530000013526
blocks_world/5/4o/kb/kb_ll_correct_20_21.pl,38.081910381,0.00041009400000291407,0.0015957390000025384
blocks_world/5/4o/kb/kb_ll_correct_20_21.pl,38.82203899,0.0004067399999954091,0.0015270990000004758
blocks_world/5/4o/kb/kb_ll_correct_20_21.pl,38.137954689,0.0004658319999961691,0.0016831639999992376
blocks_world/5/4o/kb/kb_ll_correct_20_21.pl,38.561903959,0.0005220990000012193,0.001748409999997591
blocks_world/5/4o/kb/kb_ll_correct_20_21.pl,38.549126756999996,0.0004061470000067402,0.0015023220000003334
blocks_world/5/4o/kb/kb_ll_correct_20_21.pl,38.540103730000006,0.00042280799999616647,0.001567950999998402
blocks_world/5/4o/kb/kb_ll_correct_20_21.pl,38.831146696000005,0.000511540000005084,0.0017250280000027374
blocks_world/5/4o/kb/kb_ll_correct_20_21.pl,39.344789847,0.000464530999998658,0.001656023999998979
blocks_world/5/4o/kb/kb_ll_correct_20_21.pl,37.965106530999996,0.000501697000004242,0.001574543000003814
blocks_world/5/4o/kb/kb_ll_correct_20_21.pl,38.282078677,0.0004521950000011543,0.0016890359999948146
blocks_world/5/4o/kb/kb_ll_correct_20_21.pl,38.47994757,0.00040845800000255394,0.0014731110000028025
blocks_world/5/4o/kb/kb_ll_correct_20_21.pl,38.773248779,0.0003987079999987486,0.0015038199999963808
blocks_world/5/4o/kb/kb_ll_correct_20_21.pl,38.257562704,0.00045368499999653977,0.0016918470000035768
blocks_world/5/4o/kb/kb_ll_correct_20_21.pl,38.259733844,0.0004968249999990348,0.001730489999999918
blocks_world/5/4o/kb/kb_ll_correct_20_21.pl,38.908906478999995,0.0003991669999976466,0.001533802000004414
blocks_world/5/4o/kb/kb_ll_correct_20_21.pl,38.53988178,0.0004580299999972226,0.0015007120000021246
blocks_world/5/4o/kb/kb_ll_correct_20_21.pl,38.397866366,0.00041110000000088576,0.0014824269999991202
blocks_world/5/4o/kb/kb_ll_correct_20_21.pl,38.655190575,0.0003878069999956324,0.0015078269999975191
blocks_world/5/4o/kb/kb_ll_correct_20_21.pl,38.174846056,0.00044492600000012317,0.001619060000003003
blocks_world/5/4o/kb/kb_ll_correct_20_21.pl,38.808317394,0.00041111200000187864,0.0014876110000017206
blocks_world/5/4o/kb/kb_ll_correct_20_21.pl,38.352557052,0.00042190599999969436,0.0016149689999949146
blocks_world/5/4o/kb/kb_ll_correct_20_21.pl,38.756954405,0.0004190629999953899,0.0015653819999954521
blocks_world/5/4o/kb/kb_ll_correct_20_21.pl,39.178231306,0.00048513799999483354,0.0017983030000010558
blocks_world/5/4o/kb/kb_ll_correct_20_21.pl,38.011734926,0.00039868800000419924,0.0015259570000054623
blocks_world/5/4o/kb/kb_ll_correct_20_21.pl,38.993222398,0.00042875700000166717,0.0016271550000013235
blocks_world/5/4o/kb/kb_ll_correct_20_21.pl,38.13176267,0.0005115439999983096,0.0017665179999966085
blocks_world/5/4o/kb/kb_ll_correct_20_21.pl,38.547074562999995,0.000368322999996451,0.001350761000004752
blocks_world/5/4o/kb/kb_ll_correct_20_21.pl,38.914198463999995,0.00041780899999821486,0.0015565960000003543
blocks_world/5/4o/kb/kb_ll_correct_20_21.pl,39.038552218,0.00041920900000036454,0.0015819380000010597
blocks_world/5/4o/kb/kb_ll_correct_20_21.pl,38.685585556,0.0004858309999988819,0.001786778999999683
blocks_world/5/4o/kb/kb_ll_correct_20_21.pl,38.584571058,0.0005084190000061994,0.0017026149999992413
blocks_world/5/4o/kb/kb_ll_correct_20_21.pl,39.613649468000006,0.0005267209999999523,0.001829082000000426
blocks_world/5/4o/kb/kb_ll_correct_20_21.pl,39.025102376,0.0005328129999995213,0.001819187999998917
blocks_world/5/4o/kb/kb_ll_correct_20_21.pl,37.832711964,0.00043614900000221724,0.0015837890000014454
blocks_world/5/4o/kb/kb_ll_correct_20_21.pl,38.229819917,0.000507679999998345,0.001847404999999469
blocks_world/5/4o/kb/kb_ll_correct_20_21.pl,38.195749201,0.0004199160000055713,0.0015470690000043419
arch/1/4o/kb/kb_ll_correct.pl,2.629811901,0.0002528620000004089,0.0013362429999999037
arch/1/4o/kb/kb_ll_correct.pl,2.641592481,0.0002752750000003523,0.0014805519999998573
arch/1/4o/kb/kb_ll_correct.pl,2.678907501,0.0002734440000002891,0.0014429919999998653
arch/1/4o/kb/kb_ll_correct.pl,2.648650367,0.0002457070000003725,0.001395265000000201
arch/1/4o/kb/kb_ll_correct.pl,2.627741144,0.0002480450000001966,0.001348212999999987
arch/1/4o/kb/kb_ll_correct.pl,2.721746318,0.00027113900000008684,0.0014781209999998879
arch/1/4o/kb/kb_ll_correct.pl,2.6622751780000002,0.00025981099999983215,0.001403612000000276
arch/1/4o/kb/kb_ll_correct.pl,2.6621458760000003,0.0002523679999999473,0.0013698870000000696
arch/1/4o/kb/kb_ll_correct.pl,2.629944213,0.0002788450000004161,0.0015024879999998575
arch/1/4o/kb/kb_ll_correct.pl,2.644334252,0.0002662799999999521,0.0014351720000003176
arch/1/4o/kb/kb_ll_correct.pl,2.594646247,0.00023238399999980786,0.001272480999999992
arch/1/4o/kb/kb_ll_correct.pl,2.4666431629999996,0.00027115299999991294,0.0014707849999999745
arch/1/4o/kb/kb_ll_correct.pl,2.644107221,0.00029842699999971245,0.0016436290000001463
arch/1/4o/kb/kb_ll_correct.pl,2.6876135949999997,0.00025596000000005503,0.001418022999999824
arch/1/4o/kb/kb_ll_correct.pl,2.350171332,0.00028473199999989873,0.0015489579999998782
arch/1/4o/kb/kb_ll_correct.pl,2.643768641,0.00027571899999978555,0.0014828749999997726
arch/1/4o/kb/kb_ll_correct.pl,2.615322457,0.0002556639999999888,0.001480828000000045
arch/1/4o/kb/kb_ll_correct.pl,2.668763922,0.00026202399999997183,0.0014413420000001231
arch/1/4o/kb/kb_ll_correct.pl,2.629518042,0.00025151800000022817,0.001386087999999841
arch/1/4o/kb/kb_ll_correct.pl,2.6416888409999997,0.00025109299999970247,0.0013967729999997403
arch/1/4o/kb/kb_ll_correct.pl,2.669556594,0.0002779999999997784,0.0015072890000000783
arch/1/4o/kb/kb_ll_correct.pl,2.644488173,0.0002519909999998404,0.0013813150000001606
arch/1/4o/kb/kb_ll_correct.pl,2.638124996,0.00027395100000005,0.0014120959999996963
arch/1/4o/kb/kb_ll_correct.pl,2.6582113990000003,0.0002696449999999295,0.0014787560000000255
arch/1/4o/kb/kb_ll_correct.pl,2.649891841,0.0002605509999997757,0.0014291459999995482
arch/1/4o/kb/kb_ll_correct.pl,2.669205848,0.00025459399999983034,0.00138465500000029
arch/1/4o/kb/kb_ll_correct.pl,2.686100346,0.0002574879999999169,0.0013678859999997073
arch/1/4o/kb/kb_ll_correct.pl,2.6542686669999997,0.00027897300000034875,0.0015172610000000475
arch/1/4o/kb/kb_ll_correct.pl,2.714438246,0.00025149200000029737,0.001380516999999859
arch/1/4o/kb/kb_ll_correct.pl,2.678305997,0.0002570490000000092,0.00137421499999979
arch/1/4o/kb/kb_ll_correct.pl,2.621848371,0.00028845799999999144,0.0015329069999996392
arch/1/4o/kb/kb_ll_correct.pl,2.667149722,0.00026232600000009043,0.0014103180000000215
arch/1/4o/kb/kb_ll_correct.pl,2.668595335,0.00025015099999947665,0.001392056999999891
arch/1/4o/kb/kb_ll_correct.pl,2.618968599,0.00026654299999995246,0.00142559199999992
arch/1/4o/kb/kb_ll_correct.pl,2.612514666,0.00024492199999981423,0.0013664059999998202
arch/1/4o/kb/kb_ll_correct.pl,2.455560701,0.0002807109999998225,0.0015559170000001288
arch/1/4o/kb/kb_ll_correct.pl,2.61788456,0.0002926429999998703,0.0015910360000002122
arch/1/4o/kb/kb_ll_correct.pl,2.604403929,0.00030079600000032514,0.0015693200000002072
arch/1/4o/kb/kb_ll_correct.pl,2.760283497,0.0003296920000002146,0.001822910000000455
arch/1/4o/kb/kb_ll_correct.pl,2.6190485430000003,0.0002975620000000845,0.001605689999999882
arch/1/4o/kb/kb_ll_correct.pl,2.6009202019999997,0.00028414000000021034,0.0015703139999998506
arch/1/4o/kb/kb_ll_correct.pl,2.383974727,0.0002447399999998545,0.0013307769999997276
arch/1/4o/kb/kb_ll_correct.pl,2.661924773,0.00028009100000003784,0.0014917649999999227
arch/1/4o/kb/kb_ll_correct.pl,2.668791233,0.0002537650000000724,0.0014089109999999572
arch/1/4o/kb/kb_ll_correct.pl,2.6511664120000002,0.00025276600000001537,0.00141078299999986
arch/1/4o/kb/kb_ll_correct.pl,2.690311898,0.0002707790000000543,0.0015386359999998156
arch/1/4o/kb/kb_ll_correct.pl,2.6952635889999996,0.0002667960000000136,0.001462652999999925
arch/1/4o/kb/kb_ll_correct.pl,2.6326704619999997,0.00025404400000006433,0.0014037979999996786
arch/1/4o/kb/kb_ll_correct.pl,2.645085223,0.00026846100000010864,0.0014648980000000478
arch/1/4o/kb/kb_ll_correct.pl,2.655339815,0.0002612750000001718,0.0013768459999998761
arch/2/4o/kb/kb_ll_correct.pl,0.489045175,0.00024640399999997786,0.0013824449999999544
arch/2/4o/kb/kb_ll_correct.pl,0.5380111329999999,0.00030271500000000895,0.0016708269999999859
arch/2/4o/kb/kb_ll_correct.pl,0.56124785,0.0003017659999999811,0.0013671429999999596
arch/2/4o/kb/kb_ll_correct.pl,0.5201032680000001,0.00025933399999999995,0.0014530509999999275
arch/2/4o/kb/kb_ll_correct.pl,0.493823068,0.00024583500000008307,0.001370356000000017
arch/2/4o/kb/kb_ll_correct.pl,0.506506095,0.0002672719999999851,0.0014988639999999886
arch/2/4o/kb/kb_ll_correct.pl,0.5415553129999999,0.0002801649999999434,0.0015341779999999972
arch/2/4o/kb/kb_ll_correct.pl,0.558060366,0.0002754670000000292,0.0015549550000000245
arch/2/4o/kb/kb_ll_correct.pl,0.50287532,0.00024465500000003804,0.0014388730000000072
arch/2/4o/kb/kb_ll_correct.pl,0.509309579,0.00026518200000003045,0.001476597000000024
arch/2/4o/kb/kb_ll_correct.pl,0.501305709,0.0002461489999999733,0.0013789889999999971
arch/2/4o/kb/kb_ll_correct.pl,0.536210822,0.00032522800000001073,0.0018707450000000625
arch/2/4o/kb/kb_ll_correct.pl,0.5614312370000001,0.0002651750000000064,0.001431612000000082
arch/2/4o/kb/kb_ll_correct.pl,0.5088382370000001,0.000271229000000095,0.0015228830000000304
arch/2/4o/kb/kb_ll_correct.pl,0.509691656,0.0002489319999999795,0.001375011000000037
arch/2/4o/kb/kb_ll_correct.pl,0.496603887,0.00027910700000000066,0.0015354480000000503
arch/2/4o/kb/kb_ll_correct.pl,0.58621852,0.0002833829999999704,0.0015652570000000976
arch/2/4o/kb/kb_ll_correct.pl,0.535011337,0.000281752000000024,0.001594887999999961
arch/2/4o/kb/kb_ll_correct.pl,0.510199006,0.00024749000000001686,0.0013838809999999757
arch/2/4o/kb/kb_ll_correct.pl,0.49199423700000006,0.0002697430000000445,0.0014850920000000212
arch/2/4o/kb/kb_ll_correct.pl,0.526213039,0.00024722399999999034,0.0014495880000000572
arch/2/4o/kb/kb_ll_correct.pl,0.566605743,0.00031852500000006945,0.0017837990000000303
arch/2/4o/kb/kb_ll_correct.pl,0.54758109,0.00025660599999999256,0.0014267420000000364
arch/2/4o/kb/kb_ll_correct.pl,0.503573702,0.0002682990000000274,0.0015273110000000312
arch/2/4o/kb/kb_ll_correct.pl,0.514926848,0.0002469480000000246,0.0014040379999999963
arch/2/4o/kb/kb_ll_correct.pl,0.491261706,0.00025983499999993054,0.0014510099999999193
arch/2/4o/kb/kb_ll_correct.pl,0.58220622,0.00028840800000007327,0.0016663329999999643
arch/2/4o/kb/kb_ll_correct.pl,0.5334657220000001,0.0002745439999999322,0.00149175300000004
arch/2/4o/kb/kb_ll_correct.pl,0.515352768,0.00024629499999995197,0.0014010920000000482
arch/2/4o/kb/kb_ll_correct.pl,0.48700559699999996,0.00026056399999996316,0.0014757739999999853
arch/2/4o/kb/kb_ll_correct.pl,0.535335906,0.00028695000000000803,0.0015657049999999728
arch/2/4o/kb/kb_ll_correct.pl,0.553545162,0.000288455999999937,0.0015840700000000485
arch/2/4o/kb/kb_ll_correct.pl,0.534587373,0.00025011299999999625,0.0013914340000000802
arch/2/4o/kb/kb_ll_correct.pl,0.4859959770000001,0.00024834499999992765,0.0013558860000000283
arch/2/4o/kb/kb_ll_correct.pl,0.51327977,0.0002548659999999092,0.001433251999999996
arch/2/4o/kb/kb_ll_correct.pl,0.49002597,0.0002846330000000341,0.001520053999999993
arch/2/4o/kb/kb_ll_correct.pl,0.591679202,0.00028746000000001715,0.0016312529999999992
arch/2/4o/kb/kb_ll_correct.pl,0.5166828510000001,0.00024442099999999467,0.0014204380000000238
arch/2/4o/kb/kb_ll_correct.pl,0.523038248,0.0002543080000000364,0.001399855000000061
arch/2/4o/kb/kb_ll_correct.pl,0.489318338,0.00024871100000001256,0.001398870000000052
arch/2/4o/kb/kb_ll_correct.pl,0.517189433,0.0002878990000000359,0.001493929000000005
arch/2/4o/kb/kb_ll_correct.pl,0.5680794920000001,0.0002686670000000557,0.0014436709999999797
arch/2/4o/kb/kb_ll_correct.pl,0.49315235,0.00023888300000007856,0.0013127869999999264
arch/2/4o/kb/kb_ll_correct.pl,0.450122885,0.00021555800000000458,0.0012360040000000128
arch/2/4o/kb/kb_ll_correct.pl,0.453085399,0.0002456090000000355,0.0013689889999999871
arch/2/4o/kb/kb_ll_correct.pl,0.46893348900000004,0.00023824199999999962,0.0013433460000000785
arch/2/4o/kb/kb_ll_correct.pl,0.550408867,0.00031940600000002206,0.0017403410000000896
arch/2/4o/kb/kb_ll_correct.pl,0.545531137,0.00025319500000009487,0.00144987799999996
arch/2/4o/kb/kb_ll_correct.pl,0.506694105,0.0002765359999999939,0.0014864359999999799
arch/2/4o/kb/kb_ll_correct.pl,0.518277274,0.0002469700000000685,0.0013927730000000693
